,商品名称
0,(苹果校园精英大赛奖品)Beats UrBeats 入耳式耳机 手机耳机带麦 三键线控入耳式耳机黑色
1,100-97700000-35 Jabra Sport Pace 蓝牙运动耳机
2,100-97800000-35 Jabra Halo Fusion 蓝牙耳机
3,10371 徕卡M-A(Typ 127)胶片相机 -银色
4,10772 徕卡M-P(Typ 240)数码相机 -银色
5,10930 徕卡M Monochrom (Typ 246) 数码黑白相机- 黑色
6,10945  徕卡M-D (Typ 262)数码相机
7,10947 徕卡M(Typ 262)数码相机 黑色
8,14854  徕卡T V-LUX Q M9 M240 M-P相机包白金汉帆布包
9,15寸键盘膜
10,18143  徕卡X-E（Typ 102)数码相机 鸽子蓝
11,18144  徕卡X-E（Typ 102)数码相机 米咖色
12,18145 徕卡X-E数码相机 黑色
13,18147 徕卡TL数码相机 银色
14,18180 徕卡T (Typ701)数码相机  - 黑色
15,18181 徕卡T (Typ701) 数码相机- 银色
16,18196 徕卡V-lux(Typ 114)数码相机
17,18435 徕卡 X-U (Typ 113)数码相机
18,18440 徕卡X (Typ 113)数码相机-黑色
19,18441 徕卡X (Typ 113)数码相机-银色
20,18473 徕卡D-lux(Typ 109) 数码相机- 黑色
21,18487 徕卡C数码相机-金色
22,18491 徕卡C数码相机-红色
23,18535 徕卡C数码相机电池BP-DC14
24,18713 徕卡数码相机X腕带
25,18772 徕卡T数码相机银色电池
26,18784 徕卡C数码相机折叠包（香槟金）
27,18785 徕卡C数码相机折叠包（雅致红）
28,18805 徕卡T系列FLAP相机保护套硅胶灰色
29,18811 徕卡T相机背带硅胶黑色
30,18812 徕卡T相机背带硅胶白色
31,18813 徕卡T相机背带硅胶黄色
32,18814 徕卡T相机背带硅胶橙色
33,18816 徕卡T相机腕带硅胶白色
34,18817 徕卡T相机腕带硅胶黄色
35,18819 徕卡T相机硅胶腕带（橙色）
36,18844 徕卡系统相机包大号亚麻布
37,19000 徕卡Q (Typ116)数码相机
38,19012 徕卡Q数码相机 钛灰版
39,19100 徕卡SOFORT相机 白色
40,19101 徕卡SOFORT相机 薄荷绿
41,19102 徕卡SOFORT相机 橘色
42,19510 徕卡SOFORT相机相机包 黑色
43,19511 徕卡SOFORT相机相机包 棕色
44,19512 徕卡 SOFORT相机背带 白色/黑色
45,19513 徕卡 SOFORT相机背带 薄荷绿
46,19514 徕卡 SOFORT相机背带 橘色
47,19515 徕卡SOFORT相机照片明信片
48,19516 徕卡SOFORT相机照片相册
49,19517 徕卡SOFORT相机照片储存盒
50,19518 徕卡SOFORT相机台历式相册
51,2014艾奔电脑双肩背包AS-B22-18
52,2014艾奔电脑双肩背包AS-B22-19
53,2015黑色红标双肩电脑背包AS-B66-18.5
54,2015黑色红标双肩电脑背包AS-B66-19.5
55,2015黑色红标双肩电脑背包AS-B66-20.5
56,2016秋乐游季单肩相机包
57,2A通用USB数据线 白色
58,2A通用USB数据线 黑色
59,3.5入耳式耳机（S7无包装）
60,360手机 N4S 全网通版 流光金 4GB+32GB 移动联通电信4G手机 流光金 32GB 全网通版
61,360手机 Q5流光金128G全网通手机 流光金 128G 全网通版
62,3色可选 韩式帆布电脑双肩包浅灰
63,3色可选 韩式帆布电脑双肩包藏青
64,3色可选 韩式帆布电脑双肩包黑色
65,4H游戏耳机
66,5V1A带线电源适配器 USB充电头 含数据线
67,5V1A电源适配器 USB充电头 不含数据线
68,6Gv2 机械游戏键盘 红轴版
69,77-22163 OtterBox Commuter通勤者 iPhone5/5s 硅胶手机壳
70,77-22167 OtterBox Commuter通勤者 iPhone5/5s 硅胶手机壳
71,77-50217 Otterbox Commuter通勤者 iPhone6/Plus防摔手机壳
72,77-50218 Otterbox Commuter通勤者 iPhone6/Plus防摔手机壳
73,77-50219 Otterbox Commuter通勤者 iPhone6/Plus防摔手机壳
74,77-50220 Otterbox Commuter通勤者 iPhone6/Plus防摔手机壳
75,77-50221 Otterbox Commuter通勤者 iPhone6/Plus防摔手机壳
76,77-50225 Otterbox Symmetry炫彩几何 iPhone 6/Plus防摔手机壳
77,77-50227 Otterbox Symmetry炫彩几何 iPhone 6/Plus防摔手机壳
78,77-50229 Otterbox Symmetry炫彩几何 iPhone 6/Plus防摔手机壳
79,77-50317 Otterbox Commuter通勤者 iPhone6/Plus防摔手机壳
80,77-50318 Otterbox Commuter通勤者 iPhone6/Plus防摔手机壳
81,77-50319 Otterbox Commuter通勤者 iPhone6/Plus防摔手机壳
82,77-50320 Otterbox Commuter通勤者 iPhone6/Plus防摔手机壳
83,77-50321 Otterbox Commuter通勤者 iPhone6/Plus防摔手机壳
84,77-50325 Otterbox Symmetry炫彩几何 iPhone 6/Plus防摔手机壳
85,77-50326 Otterbox Symmetry炫彩几何 iPhone 6/Plus防摔手机壳
86,77-51048 Otterbox Symmetry炫彩几何 iPhone 6/Plus防摔手机壳
87,77-51049 Otterbox Symmetry炫彩几何 iPhone 6/Plus防摔手机壳
88,77-52133 Otterbox 防御者系列iPhone手机保护壳
89,77-52137 Otterbox 防御者系列iPhone手机保护壳
90,77-52138 Otterbox 防御者系列iPhone手机保护壳新版
91,77-52140 Otterbox 防御者系列iPhone手机保护壳新版
92,77-52143 Otterbox 防御者IML系列iPhone手机保护壳
93,77-52213 Otterbox Commuter通勤者 iPhone6/Plus防摔手机壳
94,77-52214 Otterbox Commuter通勤者 iPhone6/Plus防摔手机壳
95,77-52236 Otterbox 防御者系列iPhone手机保护壳新版
96,77-52237 Otterbox 防御者系列iPhone手机保护壳新版
97,77-52238 Otterbox 防御者系列iPhone手机保护壳新版
98,77-52239 Otterbox 防御者系列iPhone手机保护壳新版
99,77-52290 Otterbox Symmetry炫彩几何 iPhone 6/Plus防摔手机壳新版
100,77-52291 Otterbox Symmetry炫彩几何 iPhone 6/Plus防摔手机壳新版
101,77-52293 Otterbox Symmetry炫彩几何 iPhone 6/Plus防摔手机壳新版
102,77-52294 Otterbox Symmetry炫彩几何 iPhone 6/Plus防摔手机壳新版
103,77-52298 Otterbox Symmetry炫彩几何 iPhone 6/Plus防摔手机壳新版
104,77-52299 Otterbox Symmetry炫彩几何 iPhone 6/Plus防摔手机壳新版
105,77-52300 Otterbox Symmetry炫彩几何 iPhone 6/Plus防摔手机壳新版
106,77-52378 Otterbox Symmetry炫彩几何 iPhone 6/Plus防摔手机壳新版
107,77-52379 Otterbox Symmetry炫彩几何 iPhone 6/Plus防摔手机壳新版
108,77-52381 Otterbox Symmetry炫彩几何 iPhone 6/Plus防摔手机壳新版
109,77-52383 Otterbox Symmetry炫彩几何 iPhone 6/Plus防摔手机壳新版
110,77-52387 Otterbox Symmetry炫彩几何 iPhone 6/Plus防摔手机壳新版
111,77-52736 Otterbox Symmetry炫彩几何 iPhone 6/Plus防摔手机壳新版
112,7G 机械游戏键盘
113,8848黑色小牛皮卡包式手机套
114,9008-S4双色背光键盘茶轴（白色）
115,9008-S4双色背光键盘（红轴）
116,9008-S4双色背光键盘（茶轴）
117,9008-S4双色背光键盘（黑轴）
118,911键盘膜
119,ACMPIO101 iOttie 磁吸式手机支架配套铁片
120,AFW迷你手机自拍杆
121,AKG  K404 头戴式 便携折叠 音乐耳机 黑色
122,AKG N40 旗舰HIFI 专业耳机 银色
123,AKG Y16A 入耳式耳机耳塞 白色
124,AM04S 荣耀蓝牙耳机 石墨黑
125,AM04S蓝牙耳机-石墨黑
126,AM07 荣耀小口哨蓝牙耳机 灰色
127,AM07 荣耀小口哨蓝牙耳机 灰色（带挂绳）
128,AM07 荣耀小口哨蓝牙耳机 金色
129,AM07 荣耀小口哨蓝牙耳机 金色（带挂绳）
130,AM08 蓝牙免提音箱 白色
131,AM08 蓝牙免提音箱 薄荷绿
132,AM08 蓝牙免提音箱 香槟金
133,AM116 半入式耳机荣耀版
134,AM116 半入耳式耳机金属款
135,AM12 荣耀引擎耳机plus版 洛可可粉
136,AM12 荣耀引擎耳机plus版 灰色
137,AM12 荣耀引擎耳机plus版 荔枝红
138,AM12 荣耀引擎耳机plus版 薄荷绿
139,AM12 荣耀耳机plus版 洛可可粉
140,AM12 荣耀耳机plus版 香槟金
141,AM13 荣耀引擎耳机 皓月银
142,AM13 荣耀引擎耳机 苍穹灰
143,AM175 荣耀圈铁耳机 玫瑰金
144,AM175 荣耀圈铁耳机 白色
145,AM175 荣耀圈铁耳机 黑色
146,AM185 华为主动降噪耳机 金色
147,AMMSC630-BLK AndMesh iPhone 网状手机壳 新版
148,AMMSC630-RED AndMesh iPhone 网状手机壳 新版
149,AP50 荣耀 1.5m多彩数据线 粉色
150,AP50 荣耀 1.5m多彩数据线 蓝色
151,AP50 荣耀1.5m多彩数据线 白色
152,AP50?荣耀?1.5m多彩数据线?蓝色
153,AP51_1.0m Type C 数据线
154,AP55 荣耀Type C 数据线 白色
155,AP55 荣耀Type C 数据线 蓝色
156,AP55S 荣耀二合一数据线 白色
157,AP55S 荣耀二合一数据线 蓝色
158,APEX 300 游戏键盘64450
159,AndMesh iPhone 网状手机壳 新版
160,Apex M260 狂热之橙版游戏机械键盘 (红轴)
161,Apex M500 US 电竞机械键盘
162,Apex M500 红轴机械键盘 64490
163,Apple MacBook Pro 13.3英寸笔记本电脑
164,Apple MacBook Pro 15.4英寸笔记本电脑
165,Apple Magic Keyboard 键盘
166,Apple iPad mini 4 平板电脑 16G  金色
167,Apple iPad mini 4 平板电脑 64G  金色
168,Apple iPad mini 4 平板电脑 64G  银色
169,Apple iPad mini 4 平板电脑 7.9英寸（64G WLAN版）
170,Apple iPhone SE (A1723) 16G 玫瑰金色 移动联通电信4G手机
171,Apple iPhone SE (A1723) 16G 金色 移动联通电信4G手机
172,Apple iPhone SE (A1723) 64G 玫瑰金色 移动联通电信4G手机
173,Apple iPhone SE (A1723) 64G 金色 移动联通电信4G手机
174,Apple 苹果 iPad Air 2 平板电脑 9.7英寸 WIFI版  16G
175,Apple 苹果 iPad mini4 7.9英寸平板电脑 WIFI  金色 64G
176,Apple 苹果 iPhone 6s (A1700) 16G 金色 移动联通电信4G手机
177,Apple 苹果 iPhone 6s plus(A1699) 64G 玫瑰金色 移动联通电信4G手机
178,Apple 苹果 iPhone 6s plus(A1699) 64GB 金色 移动联通电信4G手机
179,Apple 苹果 iPhone 6s plus(A1699) 64GB 银色 移动联通电信4G手机
180,Apple 苹果 iPhone 6s(A1700) 64G 玫瑰金 移动联通电信4G手机
181,Apple 苹果 iPhone 7 Plus (A1661) 移动联通电信4G手机 国内行货
182,Apple 苹果 iPhone 7（A1660）移动联通电信4G手机 国内行货
183,Audex 耳机 OVC 红色
184,Audio Technica/铁三角 ATH-MSR7便携头戴式HIFI耳机
185,BELT-L-ZEB-2-V2 Native Union Belt 数据线 新包装
186,BELT-L-ZEB-3 Native Union Belt XL 数据线
187,BLCR H2 手机快速充电数据线加长版1.8M（黑色）
188,BLCR H2 手机快速充电数据线标准版1.0M（黑色）
189,BLCR H3 高端锌合金快速充电数据线 1.0M（银色）
190,BLCR H3 高端锌合金快速充电数据线 1.8M（银色）
191,BLCR U30 多USB口车载充电器 黑色（3USB口）
192,BMXC  平板电脑
193,BUBM-防水手机袋 -有臂带FSD【大号】蓝色
194,BUBM-防水手机袋 -有臂带FSD【大号】黑色
195,BULL 公牛 带USB扣抗电涌过载保护插座接线板 4孔全长3米 GN-H304U
196,Beats Powerbeats2 Wireless 运动耳机
197,Beats Studio Wireless 录音师无线蓝牙头戴式耳机
198,Blade A2 4G全网通手机  全网通
199,Blade A2 4G全网通手机 全网通（金色）
200,Blade A2 4G全网通手机 （银色）
201,Buddyphones Explore Foldable Blue
202,Buddyphones Explore Foldable Pink
203,Buddyphones Inflight - Green
204,Buddyphones Inflight-Purple
205,C5 手机贴膜
206,C7 手机贴膜
207,CL69053_Slider Case for Iphone5_Black
208,CLIC-BLK-WD-6P Native Union Clic Wooden iPhone 6/Plus 木质手机壳
209,CLIC-BLO-WD-6 Native Union Clic Wooden iPhone 6/Plus 木质手机壳
210,CLIC-CLE-AIR-6S Native Union iPhone6/Plus 0.25mm超薄手机壳
211,CLIC-CLE-AIR-6SP Native Union iPhone6/Plus 0.25mm超薄手机壳
212,CLIC-MAR-WD-6-V2  Native Union Clic Wooden iPhone 6/Plus 木质手机壳
213,CLIC-MAR-WD-6P Native Union Clic Wooden iPhone 6/Plus 木质手机壳
214,CLIC-OLI-WD-6P Native Union Clic Wooden iPhone 6/Plus 木质手机壳
215,CLIC-SMO-AIR-6S Native Union iPhone6/Plus 0.25mm超薄手机壳
216,CLIC-WHT-WD-6-V2 Native Union Clic Wooden iPhone 6/Plus 木质手机壳
217,CLIC-WHT-WD-6P Native Union Clic Wooden iPhone 6/Plus 木质手机壳
218,CLIC360-BLK-CV-6 Native Union Clic 360 手机壳
219,CLIC360-BLK-CV-6P Native Union Clic 360 手机壳
220,CLIC360-MAR-CV-6 Native Union Clic 360 手机壳
221,CM031374 Case-Mate Brilliance iPhone 6/Plus 钻石手机壳
222,CM031384 Case-Mate Tough Naked iPhone 6/Plus 全透明手机壳
223,CM031390 Case-Mate Tough iPhone 6/Plus 双层手机壳
224,CM031437 Case-Mate Brilliance iPhone 6/Plus 钻石手机壳
225,CM031439 Case-Mate Sheer Glam iPhone 6/Plus 亮粉手机壳
226,CM031449 Case-Mate Stand Folio iPhone 6/6 Plus 翻盖手机壳
227,CM031453 Case-Mate iPhone 6/Plus 24k金箔手机壳
228,CM031572 Rebecca Minkoff 苹果iPhone 6 植物印花手机壳
229,CM031634 Case-Mate Glam iPhone 6/Plus手机壳
230,CM031789 Case-Mate Tough Air iPhone 6/Plus 硅胶手机壳
231,CM031980 Rebecca Minkoff iPhone6 铆钉手机壳
232,CM032212 Case-Mate iPhone 6/Plus 24k金箔手机壳
233,CM032238 Rebecca Minkoff iPhone 6/Plus 翻盖手提包手机套
234,CM032241 Rebecca Minkoff iPhone 6/Plus 翻盖手提包手机套
235,CM032247 Rebecca Minkoff 苹果iPhone 6 印花手机壳
236,CM032250 Rebecca Minkoff iPhone 6/6s 真皮对折手提包手机套
237,CM032253 Rebecca Minkoff iPhone 6Plus 真皮对折手提包手机套
238,CM032273 Case-Mate Brilliance iPhone 6/Plus 钻石手机壳
239,CM032452 Rebecca Minkoff iPhone 6/Plus 翻盖手提包手机套
240,CM032609 Case-Mate iPhone 6/Plus 24k金箔手机壳
241,CM032633 Case-Mate iPhone 6/Plus 24k金箔手机壳
242,CM032889 Rebecca Minkoff 苹果iPhone 6 印花手机壳
243,CM032891 Rebecca Minkoff 苹果iPhone 6 印花手机壳
244,CM033518 Rebecca Minkoff iPhone 6/6s 真皮对折手提包手机套
245,CM033522 Rebecca Minkoff iPhone 6Plus 真皮对折手提包手机套
246,CM033540 Case-Mate iPhone 6/Plus 24k金箔手机壳
247,CM033542 Case-Mate iPhone 6/Plus 24k金箔手机壳
248,CM033594 Case-Mate Brilliance iPhone 6/Plus 钻石手机壳
249,CM033636 Case-Mate Brilliance iPhone 6/Plus 钻石手机壳
250,COCO智能插线板（USB款）
251,Case-Mate Barely There iPhone 金属光泽手机保护壳
252,Case-Mate Brilliance iPhone 7/6s/6 Plus 钻石手机壳
253,Case-Mate Brilliance iPhone 7/6s/6 钻石手机壳
254,Case-Mate Tough Naked iPhone 7/6s/6 Plus 全透明手机壳
255,Case-Mate Tough Naked iPhone 7/6s/6 Plus 透明手机壳
256,Case-Mate Tough Naked iPhone 7/6s/6 全透明手机壳
257,Case-Mate Tough Naked iPhone 7/6s/6 透明手机壳
258,Case-Mate Waterfall瀑布 iPhone 6/6s/7 Plus 手机壳
259,Case-Mate Waterfall瀑布 iPhone 6/6s/7 手机壳
260,Case-Mate Waterfall瀑布流沙 iPhone 6/6s/7 Plus 手机壳
261,Case-Mate iPhone 7/6s/6 24k金箔手机壳
262,Case-Mate iPhone 7/6s/6 Plus 24k金箔手机壳
263,Case-Mate iPhone 7/Plus Naked Tough 手机保护壳
264,Concerned USB Cable Black
265,Concerned USB Dark grey
266,Concerned USB cable Jam
267,Concerned USB cable Sea gary
268,Concerned USB cable Tomato
269,Concerned USB cable white
270,"Cooling fan, EMI computer unit"
271,D2C 1MORE 吴莫愁特别定制版蓝色莫莫耳机 JO00653155002  蓝色 F
272,D2C Aaron 全新触感时尚帆布耳机 JA02354155003  粉色 F
273,D2C Aaron 全新触感时尚帆布耳机 JA02354155003  红色 F
274,D2C Aaron 全新触感时尚帆布耳机 JA02354155003  黑色 F
275,D2C Aaron 头戴式可折叠时尚音乐耳机 JA02354155001  浅咖 F
276,D2C Aaron 头戴式可折叠时尚音乐耳机 JA02354155001  粉色 F
277,D2C Aaron 头戴式可折叠时尚音乐耳机 JA02354155001  红色 F
278,D2C Aaron 头戴式可折叠时尚音乐耳机 JA02354155001  绿色 F
279,D2C Aaron 头戴式可折叠时尚音乐耳机 JA02354155001  蓝色 F
280,D2C Aaron 头戴式可折叠时尚音乐耳机 JA02354155001  黑色 F
281,D2C Aaron 手工双麻花线透明水晶管防缠绕入耳耳机 JA02354155008  白色 F
282,D2C Aaron 水果设计便携式入耳音乐耳机 JA02354155005  橙色 F
283,D2C Aaron 水果设计便携式入耳音乐耳机 JA02354155005  绿色 F
284,D2C Aaron 水果设计可折叠便携式音乐耳机 JA02354155004  橙色 F
285,D2C Aaron 简约风格全封闭入耳式耳机 JA02354155007  白色 F
286,D2C JARVEN 手机壳 JJ70871970001  白色 F
287,D2C JARVEN 手机壳 JJ70871970001  蓝白色 F
288,D2C JARVEN 手机壳 JJ70871970002  白色 F
289,D2C JARVEN 手机壳 JJ70871970002  蓝白色 F
290,D2C JARVEN 手机壳 JJ70871970003  白色 F
291,D2C JARVEN 手机壳 JJ70871970003  蓝白色 F
292,D2C JARVEN 手机壳 JJ70871970004  白色 F
293,D2C JARVEN 手机壳 JJ70871970004  蓝白色 F
294,D2C JUJU 珠宝USB JJ01954408024  彩色 F
295,D2C LIIIIZ 立体口袋拼接后背电视机图案设计休闲波点上衣 D00461209001  波点 F
296,D2C MICHELLE 全幅几何电脑提花无缝紧身灰色打底衫 JM73963086001  灰色 120
297,D2C MICHELLE 几何电脑印花对称紧身灰色长裤 JM73963211001  灰色 120
298,D2C ZEUSE He英国进口手选头层牛皮手机无线充电奢华钱夹 JZ04861321002  黑色 F
299,D2C 刘亚桐 粹至宝皮影戏印花五行运化补色电脑技艺勾勒 JL03244080002  花色 L
300,D2C 刘亚桐 粹至宝皮影戏印花五行运化补色电脑技艺勾勒 JL03244080002  花色 S
301,D2C 叶立飞 手机壳 JY04261970005  黑色 F
302,D2C 张驰 手机壳 JZ00161970001  印花 M
303,D2C 张驰 手机壳 JZ00161970002  黑白 M
304,D2C 张驰 手机壳 JZ00161970005  印花 S
305,D2C 张驰 手机壳 JZ00161970007  黑色 S
306,D2C 张驰 手机壳 JZ00161970009  黑白 S
307,D2C 张驰 手机壳 JZ00161970010  印花 S
308,D2C 张驰 手机壳 JZ00161970011  印花 S
309,D2C 张驰 手机壳 JZ00161970014  黑白 M
310,D2C 易燃 蛇纹狮头环装饰黑色牛皮手机壳 JY03861970001  黑色 M
311,D2C 易燃 蛇纹狮头环装饰黑色牛皮手机壳 JY03861970001  黑色 S
312,D2C 曹亚娟 四季通用怪兽巡山内插袋简约双肩背包电脑包商务包 JC02061330002  黑色 F
313,D2C 李薇 芭比系列复古镜子造型感芭比头像印饰6S手机壳 D00461970002  蓝色 F
314,D2C 王玉涛 俏皮可爱趣味熊猫印花红色Iphone 6 Plus手机壳 JW03061970007  红色 F
315,D2C 王玉涛 手机壳 JW03063970007  花色 F
316,D2C 王玉涛 手机壳 JW03063970008  花色 F
317,D2C 王玉涛 手机壳 JW03063970009  黑色 F
318,D2C 王玉涛 手机壳 JW03063970010  黑色 F
319,D2C 王玉涛 手机壳 JW03063970011  红色 F
320,D2C 王玉涛 手机壳 JW03063970012  红色 F
321,D2C 王玉涛 手机壳 JW03063970013  黑色 F
322,D2C 王玉涛 手机壳 JW03063970014  黑色 F
323,D2C 王玉涛 趣味金鱼印花墨绿色Iphone 6 Plus手机壳  JW03061970001  墨绿 F
324,D2C 王紫珊 时间定格照相机胸针 JW00261410001  橙色 F
325,D2C 王紫珊 梦幻照相机胸针 JW00261410002  玫红 F
326,D2Cemiesoloone-独奏音箱JE00351152001棕色F
327,D7000 4G USB闪存
328,DJI Care 换新计划 (X5S 云台相机)
329,DJI iPhone手机壳 (蓝色) 插卡/iPhone6
330,DJI iPhone手机壳 (蓝色) 插卡/iPhone6plus
331,DJI iPhone手机壳 (蓝色) 插卡/iPhone7
332,DROBOTS iPhone 6 Plus 手机壳 (粉红色)
333,DROBOTS iPhone 6 Plus 手机壳 (绿色)
334,DROBOTS iPhone 6 Plus 手机壳 (蓝色)
335,DROBOTS iPhone 6 Plus 手机壳 (黄色)
336,DROBOTS iPhone 6 Plus 手机壳 (黑色)
337,DROBOTS iPhone 6 手机壳 (粉红色)
338,DROBOTS iPhone 6 手机壳 (绿色)
339,DROBOTS iPhone 6 手机壳 (蓝色)
340,DROBOTS iPhone 6 手机壳 (黄色)
341,DROBOTS iPhone 6 手机壳 (黑色)
342,DROBOTS iPhone 7 Plus 手机壳 (粉红色)
343,DROBOTS iPhone 7 Plus 手机壳 (绿色)
344,DROBOTS iPhone 7 Plus 手机壳 (蓝色)
345,DROBOTS iPhone 7 Plus 手机壳 (黄色)
346,DROBOTS iPhone 7 Plus 手机壳 (黑色)
347,DROBOTS iPhone 7 手机壳 (绿色)
348,DROBOTS iPhone 7 手机壳 (蓝色)
349,DROBOTS iPhone 7 手机壳 (黑色)
350,DT1-KK-NA Kenu 车载USB充电器
351,DWA-133 USB无线网卡300M
352,Dex鼠标垫
353,Dwiray-有线键盘
354,Dwiray-苹果半彩键盘膜
355,Dwiray鼠标
356,Dwiray鼠标【蓝牙充电版】白色
357,Dwiray鼠标【蓝牙充电版】银色
358,Dwiray鼠标垫
359,EF头戴式耳机套装
360,EHS1303 入耳式耳机（黑）
361,ELIFEE 耳机（白色）新
362,EP31金属耳机 EP31 EP31
363,Epic魔幻投影键盘
364,ExoLens iphone6/6S Plus广角镜头和3倍镜头套装
365,ExoLens iphone6/6S 广角镜头和3倍镜头套装
366,F27ADMUSB2
367,FIIL Diva Pro 全场景智能无线降噪耳机（皓月白）
368,FIIL Diva Pro 全场景智能无线降噪耳机（耀石黑）
369,FIIL Diva 智能蓝牙无线降噪耳机（皓月白）
370,FIIL Diva 智能蓝牙无线降噪耳机（耀石黑）
371,FIILWireless（陶瓷版）无线蓝牙HIFI头戴式耳机耳麦
372,FIIL耳机 Smartisan 定制版
373,FUJIFILM Checkyciao趣奇俏SP-1手机照片打印机单机珍珠白(赠相纸)
374,FUJIFILM 富士 Checkyciao趣奇俏 SP-1 手机照片打印机单机(无相纸版)
375,FUJIFILM 富士 Checkyciao趣奇俏 SP-1手机照片打印机单机白(赠相纸)
376,FUJIFILM 富士 Checkyciao趣奇俏 SP-2 手机照片打印机
377,FUNIPICA F-515 外置手机镜头 0.36x大广角+15X微距 （二合一） 优雅蓝
378,FUNIPICA F-515 外置手机镜头 0.36x大广角+15X微距 （二合一） 炫酷黑
379,FUNIPICA F-516 通用型手机外置镜头 0.36x大广角+15x微距 180°鱼眼 优雅蓝
380,FUNIPICA F-516 通用型手机外置镜头 0.36x大广角+15x微距 180°鱼眼 流光银
381,FUNIPICA F-516 通用型手机外置镜头 0.36x大广角+15x微距 180°鱼眼 炫酷黑
382,FUNIPICA F-516 通用型手机外置镜头 0.36x大广角+15x微距 180°鱼眼 香槟金
383,Focus Part 23 无线跟焦器扩展模块电源数据线
384,G150S键盘膜
385,GREGORY 格里高利 男女式 18L SKETCH18 休闲包 电脑包 学生双肩书包
386,GREGORY 格里高利 男女式 22L 户外双肩包 电脑包 旅行包 SKETCH22
387,G系列小号细面鼠标垫300*240*4
388,G系列小号鼠标垫控制版
389,G系列超长细面鼠标垫-800*300 无盒装
390,H1玫瑰金手机（3G+32G）
391,H1香槟金手机（3G+32G）
392,HLCRIO108 iOttie Easy Flex 3 车载手机支架
393,HLCRIO108WH iOttie Easy Flex 3 车载手机支架
394,HLCRIO132 iOttie Easy One Touch 2 手机导航底座，无线充电版黑色
395,HM3300蓝牙耳机（白）
396,HM3300蓝牙耳机（白）-赠品
397,HUAWEI MateBook-M3+4+128+灰色+键盘
398,HUAWEI MateBook-M3+4+128+金色+键盘
399,HUAWEI MateBook-M5+4+128+灰色+键盘
400,HUAWEI MateBook-M5+4+128+金色+键盘
401,HUAWEI MateBook-M5+8+256+金色+键盘
402,HUAWEI MateBook-M7+8+256+金色+键盘+笔+拓展坞
403,HUAWEI 华为 P8 青春版 黑色 移动联通4G手机 双卡双待
404,HUAWEI 华为 P8 高配版 64GB 皓月银 移动联通4G手机 双卡双待
405,HUAWEI 华为 P8 高配版 64GB 苍穹黑 移动联通4G手机 双卡双待
406,HUAWEI 华为 P9 全网通 3GB+32GB版 移动联通电信4G手机 双卡双待
407,HUAWEI 华为 麦芒4 晨曦金 移动联通电信4G手机 双卡双待
408,Honor-荣耀 引擎耳机 白色
409,Honor-荣耀耳机 白色
410,Huawei/华为 M2-801W WIFI版（3G+32G) M2 8.0平板电脑 -香槟金
411,Huawei/华为 M2-803L LTE版（3G+32G) M2 8.0平板电脑-香槟金
412,I2C24A Scosche 车载充电器 带苹果弹簧数据线
413,I2MBOXWT Scosche 可伸缩二合一苹果安卓数据线
414,I2MC12 Scosche 车载充电器 带苹果弹簧数据线
415,I80无线蓝牙音箱
416,IKBC C104键盘（白色奶轴）
417,IKBC C104键盘（白色茶轴）
418,IKBC C104键盘（白色青轴）
419,IKBC C104键盘（白色黑轴）
420,Incase Stussy Series: 01 Capsule in Ear Headphone
421,Incase armband for Iphone 6 - Black / Lumen
422,Incase armband for Iphone 6 Plus - Black / Lumen
423,Iphone SE 16G
424,Iphone SE 64G
425,Iphone6/6s 分期乐Logo手机保护壳
426,JBL C100SI 立体声入耳式耳机 手机通话版
427,JBL E30 可折叠便携头戴式耳机（黑色）
428,JBL EVEREST ELITE 700无线头戴耳机（白色，降噪版）
429,JBL EVEREST ELITE 700无线头戴耳机（蓝色，降噪版）
430,JBL EVEREST ELITE 700无线头戴耳机（黑色，降噪版）
431,JBL Everest V100 运动版线控蓝牙耳机
432,JBL GO 音乐金砖无线蓝牙音响户外迷你音箱 橙色
433,JBL GO 音乐金砖无线蓝牙音响户外迷你音箱 红色
434,JBL GO 音乐金砖无线蓝牙音响户外迷你音箱 蓝色
435,JBL GO 音乐金砖无线蓝牙音响户外迷你音箱 黑色
436,JBL GO无线蓝牙音箱 音乐金砖 支持国内保修
437,JBL GRIP 100 专业运动耳机 蓝色
438,JBL Grip 200 入耳式运动耳机
439,JBL J406BT蓝牙耳机(黑色)()
440,JBL Reflect BT 蓝牙版运动耳机
441,JBL SYNCHROS E10 立体声入耳式耳机
442,JBL T280A入耳式耳机白色
443,JBL T280A入耳式耳机黑色
444,JBL耳机礼盒
445,JBL蓝牙音箱
446,JCABLE-L-COR Native Union Jump iPhone移动电源数据线二合一
447,JCABLE-L-GRY Native Union Jump iPhone移动电源数据线二合一
448,JCABLE-L-LUX.TECH Native Union JUMP iPhone 充电宝数据线
449,JCABLE-L-MAR Native Union Jump iPhone移动电源数据线二合一
450,JRC-TPU膜 Pro13-17 新款散热键盘膜
451,JRC-铝镁合金网卡【USB3.0】【苹果银】
452,JRC-鼠标
453,JRC-鼠标白色【充电版】
454,JRC-鼠标金色-电池版
455,JRC-鼠标金色【充电版】
456,JRC快捷键盘膜
457,JRC快捷键盘膜 全透光（橙色）13-17寸
458,JRC快捷键盘膜 全透光（橙色）MacBook12
459,JRC快捷键盘膜 全透光（粉色）13-17寸
460,JRC快捷键盘膜13-17寸【MAC版灰橙】
461,JRC快捷键盘膜全透光（舒缓色）13-17寸
462,JRC快捷键盘膜全透光（舒缓色）Air11.6
463,JRC快捷键盘膜全透光（舒缓色）MAC12
464,JRC快捷键盘膜镂空版（舒缓色）13-17寸
465,JRC快捷键盘膜镂空版（舒缓色）MAC12
466,JVC 杰伟世 HA-S660 低音导管重低音 便携折叠随身音乐头戴全罩耳机
467,JVC 杰伟世 HA-SR100X 夜店之声电音耳机
468,Jabra Halo Smart 捷波朗悦行无线立体声蓝牙耳机
469,Jabra Sport Rox 洛奇无线蓝牙耳机
470,Jabra 入耳式心率运动蓝牙耳机 黑色
471,K40背光薄膜键盘
472,K50背光薄膜键盘
473,KEY-L-COR Native Union Key Cable iPhone钥匙扣数据线
474,KEY-L-MAR Native Union Key Cable iPhone钥匙扣数据线
475,KEY-L-ZEB Native Union Key Cable iPhone钥匙扣数据线
476,Kenu Airframe+ 车载出风口支架和USB车充套装
477,Kindle 亚马逊 Fire平板电脑 8GB 黑色
478,Kinzu v3光学游戏鼠标 白色
479,Kinzu v3光学游戏鼠标 黑色
480,L518 联通\移动 翻盖手机 老人手机 儒雅黑
481,L518 联通\移动 翻盖手机 老人手机 典雅红
482,L518 联通\移动 翻盖手机 老人手机 深海蓝
483,L518 联通\移动 翻盖手机 老人手机 香槟金
484,L580 移动/联通2G 老人手机 咖啡色
485,L580 移动/联通2G 老人手机 白色
486,L580 移动/联通2G 老人手机 红色
487,L580 移动/联通2G 老人手机 金色
488,L580 移动/联通2G 老人手机 黑色
489,L680 移动/联通2G 老人手机 儒雅黑
490,L680 移动/联通2G 老人手机 咖啡色
491,L680 移动/联通2G 老人手机 红色
492,LED 呼吸灯苹果数据线 10FT/白
493,LED 呼吸灯苹果数据线 10FT/黑
494,LED 呼吸灯苹果数据线 6FT/白
495,LED 呼吸灯苹果数据线 6FT/粉
496,LED 呼吸灯苹果数据线 6FT/蓝
497,LED 呼吸灯苹果数据线 6FT/黑
498,LED 呼吸灯苹果数据线/粉
499,LED 呼吸灯苹果数据线/蓝
500,LEVEL ON PRO 头戴式蓝牙耳机(黑)
501,LEVEL U PRO 项圈蓝牙耳机（金）
502,LEVEL U 项圈蓝牙耳机(白)
503,LEVEL U 项圈蓝牙耳机(黑)
504,LEVEL U 项圈蓝牙耳机（金）
505,LG HBS-1100 蓝牙耳机
506,LG HBS-900 蓝牙耳机
507,LG PD239SP 趣拍得 手机照片打印机 Hello Kitty精装版
508,LH608耳机
509,LJ2801（电脑款空气炸锅）
510,LTE手机-ATH-AL00-LTE/WCMDA/CDMA/TD-SCDMA/GSM手机-USB-内置锂聚合物电池*1/中式旅充*1-直板-沙滩金-中国-中国电信-通达-C库+Volte
511,LTE手机-CAM-TL00H-手机/5.5HD/13M/WIFI/BT/GPS/FM/无T卡-USB线缆-内置锂电池*1/旅充*1-直板-白色-中国-誉铭新
512,LTE手机-CUN-TL00-5.0inch HD/8M/WIFI/BT/FM/Dual SIM-USB线/用户手册/保修卡-锂电池*1/中式旅充*1-直板-金色-中国-中国移动
513,LTE手机-FRD-AL00-LTE/TD-SCDMA/WCDMA/CDMA/GSM手机-USB线-内置锂聚合物电池*1/中式旅充*1-直板-白色-富士康结构件
514,LTE手机-FRD-AL00-LTE/TD-SCDMA/WCDMA/CDMA/GSM手机-USB线-内置锂聚合物电池*1/中式旅充*1-直板-蓝色-富士康结构件
515,LTE手机-FRD-AL00-LTE/TD-SCDMA/WCDMA/CDMA/GSM手机-USB线-内置锂聚合物电池*1/中式旅充*1-直板-金色-富士康结构件
516,LTE手机-FRD-AL00A-LTE/TD-SCDMA/WCDMA/CDMA/GSM手机-USB线-内置锂聚合物电池*1/中式旅充*1-直板-白色-富士康结构件
517,LTE手机-FRD-AL10-LTE/TD-SCDMA/WCDMA/CDMA/GSM手机-USB线-内置锂聚合物电池*1/中式旅充*1-直板-蓝色-富士康结构件
518,LTE手机-KIW-TL00H-手机/5.5FHD/13M BSI/WIFI/BT/GPS/FM/无T卡-USB线缆-内置锂电池*1/中式旅充*1-直板-金色-中国-电商&渠道-捷荣
519,LTE手机-NEM-AL50-LTE/FDD/TDD/TDS/CDMA/WCDMA/GSM  手机-USB线缆-锂聚合物电池*1/中式旅充*1-直板-太空银-中国-比亚迪-标准版
520,LTE手机-NEM-TL00H-LTE/TDD/TDS/GSM 手机-USB线缆-锂聚合物电池*1/中式旅充*1-直板-银色-中国-通达
521,Leme  蓝牙耳机EB30（白色）
522,Leme蓝牙耳机白色
523,Libratone Zipp Mini 无线音箱
524,Libratone Zipp 无线音箱
525,Libratone Zipp 金属版无线音箱
526,M2-801w 8英寸平板电脑 16GB WiFi香槟金
527,M2-801w 8英寸平板电脑 64GB WiFi香槟金
528,M2-803L 8英寸平板电脑 16GB LTE月光银
529,M2-803L 8英寸平板电脑 64GB LTE香槟金
530,M2安全手机-夏普MP
531,M4Mbeats耳机
532,MAG12V Scosche powerMount 车载磁吸式手机支架 带USB充电
533,MAGWDM Scosche magicMOUNT 车载手机支架
534,MEEGOPAD 迷你电脑主机-T07Pro 4G 32g WIN10
535,MEIZU 魅族 PRO5 32GB 金色 移动联通双4G手机 双卡双待
536,MEIZU 魅族 PRO5 32GB 银黑色 移动联通双4G手机 双卡双待
537,MHP-90771Marshall Woburn 蓝牙音箱 黑 (3C)
538,MHP-90930Marshall Stanmore 蓝牙音箱 黑 (3C)
539,MHP-90939Mode 入耳式耳机 黑白
540,MHP-90940Mode EQ  入耳式耳机 黑金
541,MHP-90985Marshall Major II 头戴式耳机 黑
542,MHP-91112Marshall Major II 头戴式耳机 褐色
543,MHP-91113Marshall Major II 头戴式耳机 白
544,MHP-91114Marshall Major II 头戴式耳机 漆黑
545,MHP-91172Mode 入耳式耳机 黑白  安卓
546,MHP-91340Marshall Stanmore 蓝牙音箱 褐色  (3C)
547,MHP-91644Marshall Acton 蓝牙音箱 黑 (3C)
548,MHP-91645Marshall Acton 蓝牙音箱 奶油
549,MHP-91652Marshall Kilburn 蓝牙音箱 黑 (3C)
550,MHP-91653Marshall Kilburn 蓝牙音箱 奶油 (3C)
551,MIFA M1蓝牙音箱（能良自采）
552,MIPOW BTV500蓝牙耳机（能良自采）
553,MONSTER/魔声 mobile talk能级同款入耳式魔声耳机
554,MONSTER/魔声 钻石之泪DiamondZ头戴式魔声耳机
555,MONSTER/魔声 阿迪达斯头戴式 Originals魔声耳机
556,MacBook Air 11.6英寸宽屏笔记本电脑 银色 128GB
557,Mate 8 全网通版4G手机  4GB+64GB（香槟金）
558,Mate 8 移动版4G手机  3GB+32GB（月光银）
559,Mate 9 Pro 手机导航套件-棕色
560,Mate 9 Pro 手机导航套件-灰色
561,Mate S  双4G 手机 32G
562,Mavic Part3 遥控器转接线 (标准Micro USB接头)
563,Mavic Part4 遥控器转接线 (反向MicroUSB接头)
564,MediaQ M330-高清媒体播放器
565,Meizu/魅族 HD50头戴式耳机 金属折叠 生物振膜   银白色
566,Meizu/魅族 HD50头戴式耳机 金属折叠 生物振膜   银黑色
567,Meizu/魅族其他配件/EP-31金属入耳式耳机零售版银色
568,Meizu/魅族其他配件/EP21HD耳机零售版白色
569,Meizu/魅族其他配件/EP21HD耳机（新）
570,Meizu/魅族其他配件/HD50头戴式耳机-音控线/银白（零售版）
571,Meizu/魅族其他配件/Lifeme-BTS302.0蓝牙音箱/灰色
572,Meizu/魅族其他配件/Lifeme-BTS302.0蓝牙音箱/白色
573,Meizu/魅族其他配件/LifemeType-C面条数据线/白色/100CM
574,Meizu/魅族其他配件/LifemeType-C面条数据线/白色/32CM
575,Meizu/魅族其他配件/MEIZU-EP51蓝牙运动耳机/白色
576,Meizu/魅族其他配件/MEIZU-EP51蓝牙运动耳机/红黑
577,Meizu/魅族其他配件/Meizu-HD50头戴式耳机/红色版
578,Meizu/魅族其他配件/Meizu-HD50头戴式耳机/银白
579,Meizu/魅族其他配件/Meizu-HD50头戴式耳机/银黑
580,Meizu/魅族其他配件/USBTYPE-C1.0M数据线零售版
581,Meizu/魅族其他配件/白色USB2.0_1.0M数据线零售版
582,Meizu/魅族其他配件/白色USB2.0_1.0M数据线零售版（高导铜版本）
583,Meizu/魅族其他配件/联通手机流量卡（此物料实际采购价为0）
584,Meizu/魅族其他配件/魅族-BH01通话蓝牙耳机/白色
585,Meizu/魅族其他配件/魅族-BH01通话蓝牙耳机/黑色
586,Meizu/魅族其他配件/魅族EP2X耳机/珍珠黑
587,Meizu/魅族其他配件/魅族EP2X耳机/皓月白
588,Meizu/魅族其他配件/魅族ME10半入耳式耳机/白色
589,Meizu/魅族其他配件/魅族MicroUSBtoType-C转接头/铝合金/金色
590,Meizu/魅族其他配件/魅族MicroUSBtoType-C转接头/铝合金/银色
591,Meizu/魅族其他配件/魅族MicroUSB金属数据线/铝合金+编织线/金色/100CM
592,Meizu/魅族其他配件/魅族MicroUSB金属数据线/铝合金+编织线/银色/100CM
593,Meizu/魅族其他配件/魅族Type-C金属二合一数据线/铝合金+编织线/金色/100CM
594,Meizu/魅族其他配件/魅族Type-C金属二合一数据线/铝合金+编织线/银色/100CM
595,Meizu/魅族其他配件/魅族Type-C金属数据线/铝合金+编织线/金色/100CM
596,Meizu/魅族其他配件/魅族Type-C金属数据线/铝合金+编织线/银色/100CM
597,Meizu/魅族第三方智能配件/金士顿读速80MB/s16GBUHS-IClass10TF（MicroSD）高速手机内存卡黑色
598,Meizu/魅族第三方智能配件/金士顿读速80MB/s32GBUHS-IClass10TF（MicroSD）高速手机内存卡黑色
599,Micro-USB至 Type-C 转接头（白色）
600,NCABLE-L-MAR Native Union NIGHT iPhone 数据线
601,NCABLE-L-RED Native Union NIGHT iPhone 数据线
602,NCABLE-L-ZEB Native Union NIGHT iPhone 数据线
603,NIU 通用骑行手机支架
604,NOTE 5手机贴膜
605,NT18智能手机
606,Native Union CLIC Crystal 透明手机保护壳 iPhone 7
607,Native Union CLIC Crystal 透明手机保护壳 iPhone 7 Plus
608,Native Union CLIC Wooden 木制手机壳 iPhone 7
609,Native Union CLIC Wooden 木制手机壳 iPhone 7 Plus
610,Native Union NIGHT iPhone 数据线
611,Netease 网易 云音乐车载蓝牙播放器
612,OC-0000103-EU Olloclip Ollocase iPhone 手机壳
613,OC-0000104-EU Olloclip Ollocase iPhone 手机壳
614,OC-0000105-EU Olloclip Ollocase iPhone 手机壳
615,OC-0000106-EU Olloclip Ollocase iPhone 手机壳
616,OMG战队版鼠标垫
617,ON 5手机贴膜
618,OPPO A59 全网通32G手机 (玫瑰金）
619,OPPO R7 Plus  4G手机 双卡双待  全网通【64G】 金色
620,OPPO R7 Plus  4G手机 双卡双待  移动版【64G】 金色
621,OPPO R7S 4G手机  双卡双待 32G 全网通【4G运行内存】 金色
622,OPPO R7S 4G手机  双卡双待 32G 移动4G【4G运行内存】 玫瑰金
623,OPPO R9 4G 手机
624,OPPO R9 4GB+64GB内存版 玫瑰金 全网通4G手机
625,OPPO R9 Plus 4G手机
626,OPPO R9 全网通4G手机64G(金色）
627,OPPO VOOC USB数据线DL118
628,OPPO 原装USB数据线 6944284602380
629,OPPO-A37美颜4.0全网通4G手机
630,OPPO-R9Plus全网通4GB+64GB版4G手机
631,OPPO-R9全网通4G+64G版手机（金色）
632,OPPO-R9全网通4GB+64GB版4G手机
633,OPPO一体式折叠带线手机自拍杆
634,OPPO原装耳机 MH124 白 美标3.5mm 6944284603486
635,OPPO后挂式蓝牙耳机
636,OPPO手机A31 移动4G白色16G 5873276
637,OPPO手机A33 全网通4G白色16G 5873037
638,OPPO手机A37 全网通玫瑰金
639,OPPO手机A37 全网通金色
640,OPPO手机A53 0.26mm弧边高清钢化玻璃防爆保护膜
641,OPPO手机A57 全网通玫瑰金
642,OPPO手机A57 全网通金色
643,OPPO手机A59M全网通玫瑰金
644,OPPO手机A59M全网通金色
645,OPPO手机A59S全网通玫瑰金
646,OPPO手机A59S全网通金色
647,OPPO手机R7Plus 0.26mm弧边钢化玻璃保护膜
648,OPPO手机R7S 0.26mm弧边钢化玻璃保护膜
649,OPPO手机R7S 全网通金色32G 5873549
650,OPPO手机R9 Plus全网通玫瑰金
651,OPPO手机R9 Plus全网通金色
652,OPPO手机R9 全网通玫瑰金
653,OPPO手机R9 全网通金色
654,OPPO手机R9S Plus全网通玫瑰金
655,OPPO手机R9S Plus全网通金色
656,OPPO手机R9S 全网通玫瑰金4GB+64GB
657,OPPO手机R9S 全网通金色4GB+64GB
658,OPPO手机R9S全网通红色
659,OPPO手机R9S全网通黑色
660,OPPO手机R9视窗皮套
661,OPPO手机R9透明防震手机保护套
662,OPPO手机公仔
663,OPPO手机小橄榄球迷你蓝牙音箱
664,OPPO手机小米移动电源
665,OPPO手机摄像头
666,OPPO手机防水袋
667,OPPO电信-R9sTFphone-易烊千玺版-金
668,OPPO电信-R9sTFphone-王俊凯版-金
669,OPPO电信-R9sTFphone-王源版-金
670,OPPO蓝牙耳机
671,OSMO 手柄成品（含电池，充电器，移动设备支架，不含云台相机）（中国）
672,On7 手机贴膜
673,OtterBox Profile 系列平板电脑保护壳 for iPad Mini 4
674,OtterBox 通用智能手机随身袋
675,Otterbox Symmetry 炫彩几何iPhone SE/5s手机壳
676,Otterbox Symmetry炫彩几何iPhone 5s防摔手机壳
677,Otterbox 型动者系列手机保护壳for苹果iPhone 7
678,Otterbox 型动者系列手机保护壳for苹果iPhone 7Plus
679,Otterbox炫彩几何手机保护壳 for 苹果iPhone 7
680,Otterbox炫彩几何手机保护壳 for 苹果iPhone 7 Plus
681,Otterbox通勤者系列手机保护壳for苹果iPhone 7
682,Otterbox通勤者系列手机保护壳for苹果iPhone 7 Plus
683,P100移动电源 10000mAh 双USB输出
684,P3  Part38手机支架（pro/Adv)
685,P3  part39  相机减震板（pro/adv）
686,P3 Part 119?相机单品?(4K)
687,P3 Part 135 USB充电器智能电池(2PIN)转DC电源线
688,P3 Part 80 手机支架(Sta)
689,P3 Part 83 相机减震板(Sta)
690,P3 Part34  整机（不含遥控器.相机.电池和充电器）
691,P4 Part 31 手机支架
692,P4 Part 56 USB充电器智能电池(10PIN-A)转DC电源线
693,PKG-P系列电脑包 横款-典雅黑 11/Mac12
694,PKG-P系列电脑包 竖款-典雅黑 13寸
695,PKG-S系列电脑包
696,PKG-S系列电脑包【卡其色】13寸
697,PKG-S系列电脑包【卡其色】14寸
698,PKG-S系列电脑包【大红色】14寸
699,PKG-S系列电脑包【普鲁士蓝】13寸
700,PKG-S系列电脑包【酷黑】11寸
701,PKG-S系列电脑包【酷黑】12寸
702,PKG-S系列电脑包【酷黑】13寸
703,PKG-S系列电脑包【酷黑】14寸
704,PKG-S系列电脑包【酷黑】其它尺寸
705,PKG-V系列电脑包粉红色14寸
706,PUMP-BK-AP BlueAnt Pump 蓝蚂蚁防水蓝牙耳机
707,Phantom 3 Professional - 4K云台相机
708,Polaroid Cube迷你运动相机
709,PowerCube二代魔方插座旅行版（USB款）
710,Q4677  香港邦爱-12频鼠标跳蛋B  4677新
711,Q8229USB玉女体温电加热棒名器加温棒  8229新
712,Q8488喵星人鼠标跳蛋             8488新玫红
713,Q8500-1私享玩趣 USB直插式跳蛋              8500新玫红色
714,Q8500-2私享玩趣 USB直插式跳蛋              8500新粉色
715,Q8640魅动手机APP缩阴球 8640新
716,Q9816  DMM-USB加热棒白色
717,QCY蓝牙耳机（银+黑）
718,QCY运动蓝牙耳机【红色】
719,QCY运动蓝牙耳机【黑色】
720,QcK Mass 鼠标垫 黑色
721,QcK Mini 鼠标垫
722,QcK+ 鼠标垫
723,QcK《使命召唤：黑色行动2》士兵版 鼠标垫
724,QcK《魔兽世界》熊猫人森林版 鼠标垫
725,REMAX 耳机 RM-515
726,REMAX 耳机RM-505
727,RI3LED Scosche 苹果iPhone LED装甲数据线
728,RK键盘 RGB104彩光黑轴（白色）
729,ROCK 自拍杆线控手机自拍神器 玫瑰金
730,ROCK 自拍杆线控手机自拍神器 金色
731,ROCK 自拍杆线控手机自拍神器 锖色
732,ROCK 车载充电器手机通用 金色
733,RONIN-M Part 16 相机锁紧螺丝（平头）
734,Rebecca Minkoff iPhone 6 手机壳
735,Rebecca Minkoff iPhone 6/6s 真皮对折手提包手机
736,Rebecca Minkoff iPhone6 铆钉手机壳
737,Rival 100 鼠标 樱花紫
738,Rival 100 鼠标 白色
739,Rival 100 鼠标 赤练红
740,Rival 100 鼠标 魔力金
741,Rival 100 鼠标 黑色
742,Rival 300 鼠标 白色
743,Rival 300 鼠标 银色
744,Rival 300 鼠标 黑色
745,Ronin-MX Part 19 快门控制器-无线跟焦器电源数据线
746,S1吸盘式蓝牙音箱_绿色_ZTE LOGO_全英文包装_国内
747,S1吸盘式蓝牙音箱_黄色_ZTE LOGO_全英文包装_国内
748,S1吸盘式蓝牙音箱_黑色_ZTE LOGO_全英文包装_国内
749,S502DQP      乐视电视机S50 air 2D 全配
750,S7 EDGE 太阳的后裔DVD+USB礼盒
751,S7耳机（包装版）
752,SJ4000数码相机
753,SKIN79-郑容和鼠标垫
754,SKULL CANDY线控耳机蓝色
755,"SMO PART24 手柄单品(不含相机,电池,充电器和移动设备支架)(中国)"
756,SOH3517通用立体声耳机
757,SOLO 2头戴耳机（B0518）/M4Mbeats耳机
758,SONY?MDR-EX750BT?无线立体声耳机
759,SOYES S1卡片手机4G版（黄、粉、军绿、橘色随机）
760,ST小钢炮键盘膜
761,SU-8051 Sudio Vasa Bla Bluetooth Earphone - White
762,SU-8052 Sudio Vasa Bla Bluetooth Earphone - Black
763,SU-8053 Sudio Vasa Bla Bluetooth Earphone - Blue
764,SU-8054 Sudio Vasa Bla Bluetooth Earphone - Pink
765,SUGAR SS129 3G手机（白色 32G璀璨版）
766,SUGAR SS129 3G手机（粉色32G璀璨版）
767,Scosche magicMOUNT 车载手机支架
768,Scosche 苹果iPhone LED装甲数据线
769,Sensei 激光游戏鼠标
770,Skullcandy耳机联想定制版
771,Smartisan T1 手机背盖 白色
772,Smartisan T1 手机背盖 黑色
773,Smartisan T1 数据线
774,Smartisan T2 手机保护套 红色
775,Smartisan T2 手机保护套 黑色
776,Smartisan 原装数据线
777,Smartisan 原装数据线  1m （白色）
778,Smeilin相机彩包（银黑粉红蓝）
779,Surface Pro 4 平板电脑
780,Sweekly Kickstand 手机指环支架
781,T-STAR 手机防护衣荣耀8 TPU防摔壳
782,T-STAR 手机防护衣荣耀V8 TPU防摔壳
783,T10立体声蓝牙耳机（白色）
784,T11立体声蓝牙耳机 黑色
785,T21-2157 Tech21 Impact Mesh iPhone 5/5S 手机保护壳
786,T21-4251 Tech21 Classic Shell iPhone 6/Plus 手机壳
787,T21-4252 Tech21 Classic Shell iPhone 6/Plus 手机壳
788,T21-4257 Tech21 Classic Frame iPhone 6/Plus 手机壳
789,T21-4258 Tech21 Classic Frame iPhone 6/Plus 手机壳
790,T21-4260 Tech21 Classic Frame iPhone 6/Plus 手机壳
791,T21-4269 Tech21 Patriot iPhone 6/Plus 三防户外手机
792,T21-4280 Tech21 Classic Shell iPhone 6/Plus 手机壳
793,T21-4281 Tech21 Classic Shell iPhone 6/Plus 手机壳
794,T21-4289 Tech21 Classic Frame iPhone 6/Plus 手机壳
795,T21-4298 Tech21 Patriot iPhone 6/Plus 三防户外手机
796,T21-5005 Tech21 Evo Mesh iPhone 6/Plus 手机壳
797,T21-5009 Tech21 Evo Mesh iPhone 6/Plus 手机壳
798,T21-5017 Tech21 Evo Mesh iPhone 6/Plus 手机壳
799,T21-5019 Tech21 Evo Mesh iPhone 6/Plus 手机壳
800,T21-5078 Tech21 Evo Mesh iPhone 6/Plus 手机壳
801,T21-5094 Tech21 Evo Mesh iPhone 6/Plus 手机壳
802,T21-5095 Tech21 Evo Mesh iPhone 6/Plus 手机壳
803,T21-5101 Tech21 Evo Wallet 侧翻盖手机保护套
804,T21-5102 Tech21 Evo Wallet 侧翻盖手机保护套
805,T8平板电脑
806,"TAB S2 9.7"" 蓝牙键盘皮套（黑）-赠品"
807,TIGER 虎牌 微电脑智能多功能电饭煲 JAX-C15C 国内4L
808,TUCANO 托卡诺 双肩背包 BKMAG15  15.6寸苹果笔记本电脑包
809,TUCANO 托卡诺 双肩背包 BKSVA 15.6寸苹果笔记本电脑包
810,"Tab S2 9.7"" 蓝牙键盘皮套（黑）-赠品"
811,Tech21 Evo Check iPhone 7 Plus 手机保护壳
812,Tech21 Evo Check iPhone 7 手机保护壳
813,Tech21 Evo Elite iPhone 6/Plus 手机壳
814,Tech21 Evo Mesh iPhone 6/Plus 手机壳
815,Tech21 Evo Mesh iPhone 6/Plus 手机壳 新包装
816,Tech21 Impact Band iPhone 5/5S 手机保护壳
817,Tech21 Impact Clear iPhone 7 Plus 手机保护壳
818,Tech21 Impact Clear iPhone 7 手机保护壳
819,Tech21 Impact Clear iPhone 全透明手机壳
820,Tech21 Impact Mesh iPhone 5/5S 手机保护壳
821,ThinkPad笔记本电脑E460-20ETA0-0DCD
822,ThinkPad笔记本电脑E460-20ETA0-20CD
823,ThinkPad笔记本电脑S2-20GUA0-04CD
824,ThinkPad笔记本电脑S2-20GUA0-05CD
825,ThinkPad笔记本电脑T460-20FNA0-26CD
826,ThinkPad笔记本电脑T460-20FNA0-6FCD
827,ThinkPad笔记本电脑X250-20CLA4-6UCD
828,ThinkPad笔记本电脑X260-20F6A0-6BCD
829,Type-C数据线（无包装）
830,Type-C数据线，包装版
831,Type-c数据线（黑色）
832,UE-UC116Micro USB  数据线 石榴红
833,UE-UC960Micro USB  数据线 番茄红
834,URBEATS重低音降噪耳机  黑
835,USB 双输出车载充电器（SCC22_ZTE_白）
836,USB 双输出车载充电器（SCC22_ZTE_黑）
837,USB2.0 A to Micro 5 pin Cable(White/1.5m
838,USB3.0 A to USB C cable(White/1m)
839,USB台灯（蓝色）
840,USB接口
841,USB数据传输 充电二合一安卓通用数据线 5V/2A（白色）
842,USB电源
843,USB转Micro USB数据传输 充电二合一安卓通用数据线 5V/2A（白色）
844,USB转Micro USB数据传输 数据线（白色）
845,USB转换器
846,USB集线器
847,USB风扇
848,V1黑色耳机 51003
849,VICTORINOX 维氏 多功能军刀 电脑大师系列 1.7775.T 透明红色 91毫米
850,VIP 乐视（Letv)乐视手机1S 32G移动联通4G手机 双卡双待 太子妃版 银色
851,VIVO 音箱
852,ViVo Xplay5 全网通 128G 4G 手机
853,ZTE中兴 10000mAh移动电源 P100 轻薄 双USB输出
854,ZTE中兴 10000mAh移动电源 P100 轻薄 双USB输出()
855,ZTE中兴 2A USB数据线+2A USB充电头 快充套装(白色)
856,ZTE中兴 2A USB数据线+2A USB充电头 快充套装(黑色)
857,ZTE中兴 2A快充 USB充电器（白色）()
858,ZTE中兴 2A快充 通用USB数据线（白色）()
859,ZTE中兴 2A快充 通用USB数据线（黑色）()
860,ZTE中兴 A910（BA910 ）双卡双待手机(至尊金/公开版/3G+32G)
861,ZTE中兴 A910（BA910 ）双卡双待手机(铂雅银电信版)
862,ZTE中兴 A910（BA910）双卡双待手机(至尊金/公开版/3G+32G)
863,ZTE中兴 A910（BA910）双卡双待手机(铂雅银/电信版/2G+16G)
864,ZTE中兴 Blade A1 4G全网通手机 C880A 双卡双待 有为青年 国民优品
865,ZTE中兴 Blade A1 移动4G手机 C880U 双卡双待 有为青年 国民优品
866,ZTE中兴 Blade A1 移动4G手机 C880U 双卡双待 有为青年 国民优品()
867,ZTE中兴 Blade A2 4G全网通手机()
868,ZTE中兴 Blade A2 4G全网通手机(全网通)
869,ZTE中兴 Blade A2 4G全网通手机(移动版)
870,ZTE中兴 Blade A2 Plus TPU透明手机壳 果冻套
871,ZTE中兴 Blade A2 国民指纹手机  双卡双待(全网通)
872,ZTE中兴 Blade A2 国民指纹手机  双卡双待(全网通/华尔金)
873,ZTE中兴 Blade A2 国民指纹手机  双卡双待(全网通/珍珠银)
874,ZTE中兴 Blade A2 国民指纹手机  双卡双待(全网通（套装）/珍珠银)
875,ZTE中兴 Blade A2 国民指纹手机  双卡双待(移动版)
876,ZTE中兴 Blade A2 国民指纹手机  双卡双待(移动版/珍珠银)
877,ZTE中兴 Blade A2 国民指纹手机  双卡双待(高配版/珍珠银)
878,ZTE中兴 CV19电信老人手机 金色()
879,ZTE中兴 CV19电信老人手机 黑色()
880,ZTE中兴 CV19电信老人手机(白色)
881,ZTE中兴 CV19电信老人手机(红色)
882,ZTE中兴 CV19电信老人手机(金色)
883,ZTE中兴 CV19电信老人手机(黑色)
884,ZTE中兴 L518 移动/联通2G 翻盖老人手机(儒雅黑)
885,ZTE中兴 L518 移动/联通2G 翻盖老人手机(典雅红)
886,ZTE中兴 L518 移动/联通2G 翻盖老人手机(香槟金)
887,ZTE中兴 L530G 移动/联通2G 老人手机 白色()
888,ZTE中兴 L530G 移动/联通2G 老人手机 红色()
889,ZTE中兴 L530G 移动/联通2G 老人手机 黑色()
890,ZTE中兴 L580 移动/联通2G 老人手机 (咖啡色)
891,ZTE中兴 L580 移动/联通2G 老人手机 (白色)
892,ZTE中兴 L580 移动/联通2G 老人手机 (红色)
893,ZTE中兴 L580 移动/联通2G 老人手机 (黑色)
894,ZTE中兴 L580 移动/联通2G 老人手机(咖啡色)
895,ZTE中兴 L580 移动/联通2G 老人手机(白色)
896,ZTE中兴 L580 移动/联通2G 老人手机(红色)
897,ZTE中兴 L580 移动/联通2G 老人手机(黑色)
898,ZTE中兴 L680 移动/联通2G 老人手机(儒雅黑)
899,ZTE中兴 L680 移动/联通2G 老人手机(咖啡色)
900,ZTE中兴 L680 移动/联通2G 老人手机(深精色)
901,ZTE中兴 L680 移动/联通2G 老人手机(红色)
902,ZTE中兴 L788 彩虹机 移动/联通2G 老人手机(炫酷黑)
903,ZTE中兴 QC3.0高速快充 Type-C数据线
904,ZTE中兴 QC3.0高速快充 USB充电器
905,ZTE中兴 Type-c数据线（黑色）()
906,ZTE中兴 原装正品2A快充USB数据线（白色）()
907,ZTE中兴 双输出USB车载充电器 SCC22 （白色）
908,ZTE中兴 双输出USB车载充电器 SCC22 （白色）()
909,ZTE中兴 双输出USB车载充电器 SCC22 （黑色）
910,ZTE中兴 双输出USB车载充电器 SCC22 （黑色）()
911,ZTE中兴 商务蓝牙耳机 T10 高清音质 一拖二(白色)
912,ZTE中兴 商务蓝牙耳机 T11 皮革质感 高清音质
913,ZTE中兴 商务蓝牙耳机 T11 皮革质感 高清音质()
914,ZTE中兴 小球音箱 S201 一插即听 小巧便携(橙色)
915,ZTE中兴 小球音箱 S201 一插即听 小巧便携(白色)
916,ZTE中兴 竹韵耳机 SOH3506 重低音立体声（美标）
917,ZTE中兴 竹韵耳机 SOH3506 重低音立体声（美标）()
918,ZTE中兴 线控耳机 SOH3507（国标）()
919,ZTE中兴 线控耳机 SOH3508（欧/美互转）()
920,ZTE中兴 线控耳机 SOH3513（美标 CTIA）()
921,ZTE中兴 线控耳机 SOH3517（美标）
922,ZTE中兴 线控耳机 SOH3518（美标）
923,ZTE中兴 蓝牙音箱 S1 可伸缩重低音设计 吸盘功能(绿色)
924,ZTE中兴 蓝牙音箱 S1 可伸缩重低音设计 吸盘功能(黄色)
925,ZTE中兴 蓝牙音箱 S1 可伸缩重低音设计 吸盘功能(黑色)
926,ZTE中兴 蘑菇蓝牙音箱 XBS06 吸盘设计(玫红色)
927,ZTE中兴 蘑菇蓝牙音箱 XBS06 吸盘设计(红色)
928,ZTE中兴 蘑菇蓝牙音箱 XBS06 吸盘设计(绿色)
929,ZTE中兴 蘑菇蓝牙音箱 XBS06 吸盘设计(蓝色)
930,ZTE中兴 蘑菇蓝牙音箱 XBS06 吸盘设计(黄色)
931,ZTE中兴 蘑菇蓝牙音箱 XBS06 吸盘设计(黑色)
932,ZTE中兴 远航4 BA610  双卡双待手机 (质感银/电信版)
933,ZTE中兴 远航4 BA610  双卡双待手机 (质感银/移动版)
934,ZTE中兴 通用 USB充电器(黑_1A)()
935,ZTE原装正品 2A快充 通用USB充电器
936,ZTE原装正品 2A快充通用USB数据线（白色）
937,ZTE原装正品 Type-C数据线（白色）
938,ZUK Edge 手机智能表盘皮套 白色
939,ZUK Hi-Fi 圈铁耳机 深枪色
940,ZUK Hi-Fi 圈铁耳机 蓝色
941,ZUK MicroUSB转TypeC转接头
942,ZUK USB3.0 Type-C快速数据线
943,ZUK金秀贤定制手机
944,arc touch surface Edtn 鼠标
945,beats by dr. dre PowerBeats2 Wireless 入耳式耳机 运动红
946,beats by dr. dre Powerbeats2 Wireless 耳机 运动耳机 蓝牙无线 带麦
947,beats by dr. dre Solo 2 头戴式耳机 红色 豪华版 支持国内保修
948,beats by dr. dre Solo2 Wireless 头戴式耳机 蓝牙无线 带麦
949,beats by dr. dre Solo2 Wireless 头戴式贴耳蓝牙耳机 红色
950,beats by dr. dre Solo2 Wireless 头戴式贴耳蓝牙耳机 金色
951,beats by dr. dre Studio Wireless 头戴式耳机   录音师蓝牙无线版
952,beats by dr. dre Studio Wireless 头戴式耳机 白色 录音师蓝牙无线版
953,beats by dr. dre Studio Wireless 头戴式耳机 红色 录音师蓝牙无线版
954,beats by dr. dre UrBeats 入耳式耳机  手机耳机 支持国内保修
955,beats by dr. dre UrBeats 入耳式耳机 白色
956,beats by dr. dre UrBeats 入耳式耳机 金色  支持国内保修
957,beats studio Wireless（耳机）
958,bilibili密恐鼠标垫
959,bilibili海滩2233鼠标垫
960,excess蓝牙音箱A10
961,iBFree蓝牙耳机红色
962,iBFree蓝牙耳机黑色
963,iBFree运动蓝牙耳机【红色】
964,iBFree运动蓝牙耳机【黑色】
965,iOttie Active Edge 自行车手机支架
966,iOttie Easy One Touch Mini CD口车载手机支架
967,iOttie Easy One Touch Mini 出风口车载手机支架
968,iOttie Easy One Touch3 吸盘式车载手机支架 新包装
969,iOttie Easy Smart Tap 2 iPad平板电脑车载支架
970,iOttie RapidVolt Mini车载点烟口充电器 附带MicroUSB线
971,iOttie RapidVolt 车载双USB点烟口车充
972,iOttie RapidVolt 车载双USB点烟口车充新包装
973,iOttie iTap 磁吸式粘贴式车载手机支架
974,iPad Air 2 平板电脑 16G WiFi版 深空灰
975,iPad Air 2 平板电脑 16G WiFi版 金色
976,iPad Air 2 平板电脑 16G WiFi版 银色
977,iPad Air 2 平板电脑 64G WiFi版 金色
978,iPad Air 2 平板电脑 64G WiFi版 银色
979,iPad Air 2 平板电脑 灰色 128G WiFi版
980,iPad Air 2 平板电脑 灰色 32G WiFi版
981,iPad Air 2 平板电脑 金色 128G WiFi版
982,iPad Air 2 平板电脑 金色 32G WiFi版
983,iPad Air 2 平板电脑 银色 128G WiFi版
984,iPad Air 2 平板电脑 银色 32G WiFi版
985,iPad Pro Apple  平板电脑【免息再降100】 32G  金色
986,iPad Pro Apple  平板电脑【免息再降100】 32G  银色
987,iPad mini 2 平板电脑 32G wifi版 深空灰色
988,iPad mini 2 平板电脑 32G wifi版 银色
989,iPad mini 4 平板电脑 金色 128G
990,iPad mini 4 平板电脑 银色 128G
991,iPhone 6  苹果Apple 4G手机 16G 开放版  A1586 金色
992,iPhone 6s  4G手机 16G  Plus 玫瑰金
993,iPhone 6s  4G手机 16G  银色
994,iPhone 6s  4G手机 16G 玫瑰金
995,iPhone 6s  4G手机 64G  Plus 玫瑰金
996,iPhone 6s  4G手机 64G  Plus 金色
997,iPhone 6s  4G手机 64G  Plus 银色
998,iPhone 6s 苹果Apple 4G手机
999,iPhone 6s 苹果Apple 4G手机  128G iPhone 6s 深空灰
1000,iPhone 6s 苹果Apple 4G手机  128G iPhone 6s 玫瑰金
1001,iPhone 6s 苹果Apple 4G手机  128G iPhone 6s 银色
1002,iPhone 6s 苹果Apple 4G手机  16G iPhone 6s Plus 深空灰
1003,iPhone 6s 苹果Apple 4G手机  16G iPhone 6s Plus 玫瑰金
1004,iPhone 6s 苹果Apple 4G手机  16G iPhone 6s Plus 金色
1005,iPhone 6s 苹果Apple 4G手机  16G iPhone 6s Plus 银色
1006,iPhone 6s 苹果Apple 4G手机  16G iPhone 6s 深空灰
1007,iPhone 6s 苹果Apple 4G手机  16G iPhone 6s 玫瑰金
1008,iPhone 6s 苹果Apple 4G手机  16G iPhone 6s 金色
1009,iPhone 6s 苹果Apple 4G手机  16G iPhone 6s 银色
1010,iPhone 6s 苹果Apple 4G手机  32G iPhone 6s 灰色
1011,iPhone 6s 苹果Apple 4G手机  32G iPhone 6s 玫瑰金
1012,iPhone 6s 苹果Apple 4G手机  32G iPhone 6s 金色
1013,iPhone 6s 苹果Apple 4G手机  32G iPhone 6s 银色
1014,iPhone 6s 苹果Apple 4G手机  64G iPhone 6s Plus 深空灰
1015,iPhone 6s 苹果Apple 4G手机  64G iPhone 6s Plus 玫瑰金
1016,iPhone 6s 苹果Apple 4G手机  64G iPhone 6s Plus 金色
1017,iPhone 6s 苹果Apple 4G手机  64G iPhone 6s Plus 银色
1018,iPhone 6s 苹果Apple 4G手机  64G iPhone 6s 深空灰
1019,iPhone 6s 苹果Apple 4G手机  64G iPhone 6s 玫瑰金
1020,iPhone 6s 苹果Apple 4G手机  64G iPhone 6s 金色
1021,iPhone 6s 苹果Apple 4G手机  64G iPhone 6s 银色
1022,iPhone 6s 苹果Apple 4G手机 128G iPhone 6s深空灰
1023,iPhone 6s 苹果Apple 4G手机 16G iPhone 6s Plus金色
1024,iPhone 6s 苹果Apple 4G手机 16G iPhone 6s玫瑰金
1025,iPhone 6s 苹果Apple 4G手机 16G iPhone 6s金色
1026,iPhone 6s 苹果Apple 4G手机 深空灰 16G iPhone 6s
1027,iPhone 6s 苹果Apple 4G手机 深空灰 64G iPhone 6s Plus
1028,iPhone 6s 苹果Apple 4G手机 玫瑰金 16G iPhone 6s
1029,iPhone 6s 苹果Apple 4G手机 玫瑰金 16G iPhone 6s Plus
1030,iPhone 6s 苹果Apple 4G手机 玫瑰金 64G iPhone 6s Plus
1031,iPhone 6s 苹果Apple 4G手机 金色 16G iPhone 6s Plus
1032,iPhone 6s 苹果Apple 4G手机 金色 64G iPhone 6s
1033,iPhone 6s 苹果Apple 4G手机 银色 16G iPhone 6s Plus
1034,iPhone 6sPlus苹果Apple 4G手机  32G iPhone 6s 玫瑰金
1035,iPhone 6sPlus苹果Apple 4G手机  32G iPhone 6s 金色
1036,iPhone 7 Plus 卡套手机壳
1037,iPhone 7 Plus 苹果Apple 4G手机 亮黑色 128G 全网通
1038,iPhone 7 Plus 苹果Apple 4G手机 亮黑色 256G 全网通
1039,iPhone 7 Plus 苹果Apple 4G手机 玫瑰金 128G 全网通
1040,iPhone 7 Plus 苹果Apple 4G手机 玫瑰金 256G 全网通
1041,iPhone 7 Plus 苹果Apple 4G手机 玫瑰金 32G 全网通
1042,iPhone 7 Plus 苹果Apple 4G手机 金色 128G 全网通
1043,iPhone 7 Plus 苹果Apple 4G手机 金色 256G 全网通
1044,iPhone 7 Plus 苹果Apple 4G手机 金色 32G 全网通
1045,iPhone 7 Plus 苹果Apple 4G手机 银色 128G 全网通
1046,iPhone 7 Plus 苹果Apple 4G手机 银色 256G 全网通
1047,iPhone 7 Plus 苹果Apple 4G手机 银色 32G 全网通
1048,iPhone 7 Plus 苹果Apple 4G手机 黑色 128G 全网通
1049,iPhone 7 Plus 苹果Apple 4G手机 黑色 32G 全网通
1050,iPhone 7 Plus 苹果Apple 4G手机亮黑色128G全网通
1051,iPhone 7 Plus 苹果Apple 4G手机亮黑色256G全网通
1052,iPhone 7 Plus 苹果Apple 4G手机玫瑰金128G全网通
1053,iPhone 7 Plus 苹果Apple 4G手机金色128G全网通
1054,iPhone 7 Plus 苹果Apple 4G手机金色256G全网通
1055,iPhone 7 Plus 苹果Apple 4G手机金色32G全网通
1056,iPhone 7 Plus 苹果Apple 4G手机银色128G全网通
1057,iPhone 7 Plus 苹果Apple 4G手机银色256G全网通
1058,iPhone 7 Plus 苹果Apple 4G手机银色32G全网通
1059,iPhone 7 Plus 苹果Apple 4G手机黑色128G全网通
1060,iPhone 7 Plus 苹果Apple 4G手机黑色32G全网通
1061,iPhone 7 苹果Apple 4G手机 亮黑色 128G 全网通
1062,iPhone 7 苹果Apple 4G手机 亮黑色 256G 全网通
1063,iPhone 7 苹果Apple 4G手机 玫瑰金 128G 全网通
1064,iPhone 7 苹果Apple 4G手机 玫瑰金 256G 全网通
1065,iPhone 7 苹果Apple 4G手机 玫瑰金 32G 全网通
1066,iPhone 7 苹果Apple 4G手机 金色 128G 全网通
1067,iPhone 7 苹果Apple 4G手机 金色 256G 全网通
1068,iPhone 7 苹果Apple 4G手机 金色 32G 全网通
1069,iPhone 7 苹果Apple 4G手机 银色 128G 全网通
1070,iPhone 7 苹果Apple 4G手机 银色 256G 全网通
1071,iPhone 7 苹果Apple 4G手机 银色 32G 全网通
1072,iPhone 7 苹果Apple 4G手机 黑色 128G 全网通
1073,iPhone 7 苹果Apple 4G手机 黑色 256G 全网通
1074,iPhone 7 苹果Apple 4G手机 黑色 32G 全网通
1075,iPhone 7 苹果Apple 4G手机亮黑色128G全网通
1076,iPhone 7 苹果Apple 4G手机玫瑰金128G全网通
1077,iPhone 7 苹果Apple 4G手机玫瑰金32G全网通
1078,iPhone 7 苹果Apple 4G手机金色128G全网通
1079,iPhone 7 苹果Apple 4G手机金色32G全网通
1080,iPhone 7 苹果Apple 4G手机银色128G全网通
1081,iPhone 7 苹果Apple 4G手机银色32G全网通
1082,iPhone 7 苹果Apple 4G手机黑色128G全网通
1083,iPhone 7 苹果Apple 4G手机黑色32G全网通
1084,iPhone 7+ 苹果Apple 4G手机 玫瑰金色 256G 公开版
1085,iPhone 7+ 苹果Apple 4G手机 金色 256G 公开版
1086,iPhone 7+ 苹果Apple 4G手机 黑色 256G 公开版
1087,ipad Air2-16Gwifi版平板电脑（金色）
1088,ipad pro 蓝牙键盘皮套
1089,iphone 6s plus 16g 玫瑰金
1090,iphone 6s plus 64g 玫瑰金
1091,iphone SE  16G 公开版 玫瑰金
1092,iphone SE  64G 公开版 玫瑰金
1093,iphone SE 16G 公开版 灰
1094,iphone SE 16G 公开版 玫瑰金
1095,iphone SE 16G 公开版 金
1096,iphone SE 16G 公开版 银
1097,iphone SE 16G灰 公开版
1098,iphone SE 16G玫瑰金 公开版
1099,iphone SE 16G金 公开版
1100,iphone SE 16G银 公开版
1101,iphone SE 64G 公开版 灰
1102,iphone SE 64G 公开版 玫瑰金
1103,iphone SE 64G 公开版 金
1104,iphone SE 64G 公开版 银
1105,iphone SE 64G灰 公开版
1106,iphone SE 64G金 公开版
1107,iphone SE 64G银 公开版
1108,iphone5s 16g金色
1109,iphone6    金色 64G 公开版
1110,iphone6  plus   16G 金色
1111,iphone7 128G
1112,iphone7 32G
1113,iphone7 Plus 128G
1114,iphone7 plus 32G
1115,kate spade new york 手机保护壳 for iPhone 7
1116,kate spade new york 手机保护壳 for iPhone 7 Plus
1117,kate spade new york 手机保护壳 for iPhone 7 plus
1118,kate spade new york 皮革手机保护套 for iPhone 7
1119,kate spade new york 皮革手机保护套 for iPhone 7 plus
1120,kate spade new york 皮革通用手机包
1121,kate spade new york 闪耀手机保护壳 for iPhone 7
1122,kate spade new york 闪耀手机保护壳 for iPhone 7 plus
1123,kate spade new york手机保护壳for iPhone 7
1124,micro 5pin数据线，白色，金顺
1125,micro-USB扁型数据线（红色）
1126,micro，5pin数据线，白色，富康源
1127,mini电视机毛绒挂件
1128,mophie new powerstation苹果三星iphone超薄移动电源
1129,note7手机贴膜
1130,nubia Type-C 数据线
1131,nubia手机夹
1132,patagonia 男女式 20升 休闲包 电脑包 学生双肩书包 Anacapa Pack
1133,seenDa  type-c转USB带 金色
1134,seenDa  type-c转USB带 银色
1135,sony耳机个
1136,vivo X6 Plus丨 X6联通移动双4G手机 双卡双待   全网通64G版 X6Plus金色
1137,vivo X6A 全网通高配版4G手机 4GB+64GB 双卡双待
1138,vivo白单手机类
1139,zippo 之宝 打火机 蓝冰灵 粉漆 电脑刻 28341
1140,zippo 之宝 打火机 铜威尼斯人 镜面打磨纯铜 电脑刻　352B
1141,【3USB】以太网卡
1142,【ABB开关】德静系列/白色/二位八芯电脑插座 AJ332;10115499
1143,【ABB开关】德静系列/白色/八芯六类电脑插座 AJ333;10115508
1144,【ABB开关插座】 德静系列/金色/一位八芯超5类电脑插座 AJ331-PG;10176213
1145,【ABB开关插座】 德静系列/金色/一位四芯电话插座 RJ11 AJ321-PG;10176216
1146,【ABB开关插座】 德静系列/金色/二位电视/电脑插座 AJ325-PG;10176223
1147,【ABB开关插座】 德静系列/金色/二位电话/电脑插座 AJ323-PG;10176218
1148,【ABB插座】德逸系列/白色/一位六芯电脑插座 AE331;10072413
1149,【ABB插座】德逸系列/白色/二位/电视加电脑插座 AE325;10072538
1150,【ABB插座】德逸系列/白色/二位/电视加电话插座 AE324;10072420
1151,【ABB插座】德逸系列/白色/二位电话/电脑插座 AE323;10072421
1152,【ABB插座】德逸系列/白色/八芯超5类电脑插座 AE332;10072415
1153,【ABB插座】德逸系列/白色/四芯电话插座 AE321;10072411
1154,【ABB插座】德逸系列/白色/防雷电话插座 AE326;10072422
1155,【ABB插座】德逸系列/金色/一位六芯电脑插座 AE331-PG;10094560
1156,【ABB插座】德逸系列/金色/二位/电视加电脑插座 AE325-PG;10094565
1157,【ABB插座】德逸系列/金色/二位电话/电脑插座 AE323-PG;10095412
1158,【ABB插座】德逸系列/金色/八芯超5类电脑插座 AE332-PG;10107276
1159,【ABB插座】德逸系列/金色/四芯电话插座 AE321-PG;10094559
1160,【ABB插座】德静系列/白色/二位四芯电话插座 AJ322;10115497
1161,【ABB插座】德静系列/白色/二位电话/电脑插座 AJ323;10115504
1162,【ABB插座】德静系列/白色/八芯超五类电脑插座 AJ331;10115498
1163,【ABB插座】德静系列/白色/四芯电话插座 AJ321;10115496
1164,【ABB插座】德静系列/白色/电视加电脑插座 AJ325;10115505
1165,【ABB插座】德静系列/白色/电视加电话插座 AJ324;10115503
1166,【ABB插座】德韵系列/弹起式八芯双电脑地插 AS538;10058068
1167,【ABB插座】德韵系列/弹起式八芯双电脑地插 超5类 RJ45 AS538-S;10058152
1168,【ABB插座】德韵系列/弹起式四芯双电话地插 AS537;10058067
1169,【ABB插座】德韵系列/弹起式电脑加电话地插 AS536-S;10058153
1170,【ABB插座】德韵系列/弹起式电脑加电话地插 AS536;10058069
1171,【ABB插座】德韵系列/白色/四芯电话插座RJ11 AS321;10058048
1172,【ABB插座】德韵系列/白色/电脑/网线/信息插座 AS331;10058050
1173,【ABB插座】由艺/象牙白/一位八芯电脑插座 AU33144-WW;10094883
1174,【ABB插座】由艺/象牙白/一位四芯电话插座 AU32144-WW;10094881
1175,【ABB插座】由艺/象牙白/一位防雷电话插座 AU32644-WW;10094895
1176,【ABB插座】由艺/象牙白/二位电视电脑插座 AU32544-WW;10094890
1177,【ABB插座】由艺/象牙白/二位电视电话插座 AU32444-WW;10094888
1178,【ABB插座】由艺/象牙白/二位电话电脑插座 AU32344-WW;10094889
1179,【ABB插座】由艺系列/象牙白/二位USB充电插座 AU29344-WW；10140316
1180,【ABB插座】由雅系列/白色/一位八芯超5类电脑插座 AP33144-WW;10139795
1181,【ABB插座】由雅系列/白色/一位四芯电话插座RJ11 AP32144-WW;10139793
1182,【ABB插座】由雅系列/白色/二位电视/电脑插座 AP32544-WW;10139802
1183,【ABB插座】由雅系列/白色/二位电话/电脑插座 AP32344-WW;10139801
1184,【Apple】原廠 Lightning 對 USB 連接線
1185,【D&G i6 i6s】iphone6 plus 5.5吋全
1186,【SanDisk】Ultra Fit USB 3.0 32G
1187,【SanDisk】Ultra Fit USB 3.0 64G
1188,【亚昆】Beats Powerbeats2 by Dr. Dre Wireless 耳机 - 黑色 双动力无线版 运动耳机 蓝牙无线 带麦
1189,【亚昆】Beats Solo2 头戴式耳机 - 蓝色 独奏者第二代 带麦 有线版
1190,【公牛】G15系列 模块 电脑(免打线)
1191,【公牛】G15系列 模块电话功能件
1192,【公牛】G21金系列 框架电脑(免打线)功能件
1193,【公牛】G21金系列 框架电话功能件
1194,【公牛】开关G07白 二位电脑
1195,【公牛】开关G07金  电视电脑
1196,【公牛】开关G07金  电话
1197,【公牛】开关G07金  电话电脑
1198,【公牛】开关G07金 二位电脑
1199,【公牛】开关G07金五孔插座带USB
1200,【公牛】开关G11彩 电脑插
1201,【公牛】开关G11彩 电视带电脑
1202,【公牛】开关G11彩 电话带电脑
1203,【公牛】开关G11彩 电话插（4芯）
1204,【公牛】开关G11金 电脑插
1205,【公牛】开关G11金 电视带电脑
1206,【公牛】开关G11金 电话带电脑
1207,【公牛】开关G11金 电话插（4芯）
1208,【公牛】开关G11银 电脑插
1209,【公牛】开关G11银 电视带电脑
1210,【公牛】开关G11银 电话带电脑
1211,【公牛】开关G11银电话插（4芯）
1212,【公牛】开关G19金  电脑插座
1213,【公牛】开关G19金  电视电脑
1214,【公牛】开关G19金  电话插座
1215,【公牛】开关G19金  电话电脑
1216,【公牛】开关G19银 电脑插
1217,【公牛】开关G19银 电视带电脑
1218,【公牛】开关G19银 电话带电脑
1219,【公牛】开关G19银 电话插（4芯）
1220,【功能键盘膜】Air13/Retina-Mac版
1221,【功能键盘膜】Air13/Retina-PS版
1222,【华为】华为P9 64GB全网通手机 琥珀金/陶瓷白 移动联通电信4G手机 双卡双待
1223,【琉璃系列键盘膜】Pro 通用
1224,【西蒙】55系（香槟）一位电脑N55218S56
1225,【西蒙】55系（香槟）电视电脑N55302S56
1226,【西蒙】55系（香槟）电话N5521456
1227,【贬幅侠】防辐射安全手机壳iPhone 6/6S Plus
1228,【贬辐侠】赠品手机小风扇1个（此商品不支持单独购买）
1229,【贬辐侠】赠品手机防爆膜1个（此商品不支持单独购买）
1230,【贬辐侠】防辐射安全手机壳苹果iPhone 6/6S/6Plus/6S Plus
1231,【贬辐侠】防辐射手机壳 碳纤维 金色/絿色/黑色/红色
1232,一加手机2 4GB+64GB 4G 手机
1233,一加手机3 6GB+64GB 全网通 双卡双待 4G手机
1234,一加手机3 手机 5.5英寸 6G+64G 全网通 A3000 冰川灰
1235,一年屏碎保  OPPO手机
1236,三巨W1040无线鼠标
1237,三星  Galaxy Note7   智能4G手机 64G 全网通 星钻黑
1238,三星  Galaxy Note7   智能4G手机 64G 全网通 铂光金
1239,三星  Galaxy S6 edge+ 智能4G手机 32G 全网通 钛泽银
1240,三星  Galaxy S6 edge+ 智能4G手机 32G 全网通 铂光金
1241,三星  Galaxy S6 edge+ 智能4G手机 32G 全网通 雪晶白
1242,三星  Galaxy S6 edge+ 智能4G手机 64G 全网通 铂光金
1243,三星  Galaxy S6 edge+ 智能4G手机 64G 全网通 雪晶白
1244,三星  Galaxy S6 edge+ 智能4G手机32G 全网通钛泽银
1245,三星  Galaxy S6 edge+ 智能4G手机32G 全网通铂光金
1246,三星  Galaxy S6 edge+ 智能4G手机64G 全网通雪晶白
1247,三星 2016版 Galaxy On5 （G5700） 32G 嫣霞粉 全网通双卡双待 4G手机 嫣霞粉 32G 全网通
1248,三星 2016版 Galaxy On5 （G5700） 32G 流沙金 全网通双卡双待 4G手机 流沙金 32G 全网通
1249,三星 2016版 Galaxy On7（G6100） 双卡双待4G手机 流沙金 32G 全网通
1250,三星 2016版 Galaxy On7（G6100）双卡双待4G手机 钛岩黑 32G 全网通
1251,三星 A5 A5100 全网通4G手机
1252,三星 Galaxy A5 (SM-A5100) 全网通4G手机 双卡双待   女王粉
1253,三星 Galaxy A5 (SM-A5100) 全网通4G手机 双卡双待 16G   女王粉
1254,三星 Galaxy A7 (SM-A7000)  4G手机 双卡双待 16GB 移动/联通4G 精灵黑
1255,三星 Galaxy A7 (SM-A7000)  4G手机 双卡双待 16GB 移动/联通4G 雪域白
1256,三星 Galaxy A7 (SM-A7000)  4G手机 双卡双待 16GB 移动/联通4G 魔幻金
1257,三星 Galaxy A7 (SM-A7000)  4G手机 双卡双待16GB 移动/联通4G精灵黑
1258,三星 Galaxy A7 (SM-A7000)  4G手机 双卡双待16GB 移动/联通4G雪域白
1259,三星 Galaxy A7 (SM-A7100) 全网通4G手机 双卡双待 16G  雪域白
1260,三星 Galaxy A7 (SM-A7100) 全网通4G手机 双卡双待 16G  魔幻金
1261,三星 Galaxy A8 移动联通4G手机公开版 精灵黑 16G
1262,三星 Galaxy A8 移动联通电信4G手机 16G  雪域白
1263,三星 Galaxy A8 移动联通电信4G手机 16G 精灵黑
1264,三星 Galaxy A8 移动联通电信4G手机 16G 魔幻金
1265,三星 Galaxy A8 移动联通电信4G手机 32G  精灵黑 精灵黑
1266,三星 Galaxy A8 移动联通电信4G手机 32G  雪域白
1267,三星 Galaxy A8 移动联通电信4G手机 32G  魔幻金
1268,三星 Galaxy A8 移动联通电信4G手机 雪域白 16G
1269,三星 Galaxy A8 移动联通电信4G手机16G 雪域白
1270,三星 Galaxy A8 移动联通电信4G手机16G魔幻金
1271,三星 Galaxy A8 移动联通电信4G手机32G 魔幻金
1272,三星 Galaxy A8（A8000）魔幻金 移动联通电信4G手机 双卡双待   16G版
1273,三星 Galaxy A9 (SM-A9000) 魔幻金 全网通4G手机
1274,三星 Galaxy A9(2016) 全网通4G手机 双卡双待   女王粉
1275,三星 Galaxy A9(2016) 全网通4G手机 双卡双待   雪域白
1276,三星 Galaxy A9(2016) 全网通4G手机 双卡双待   魔幻金
1277,三星 Galaxy A9(2016) 全网通4G手机 双卡双待 女王粉
1278,三星 Galaxy A9(2016) 全网通4G手机 双卡双待 魔幻金
1279,三星 Galaxy A9100(2016) 全网通 4G手机 双卡双待雪域白
1280,三星 Galaxy A9100(2016) 全网通 4G手机 双卡双待魔幻金
1281,三星 Galaxy A9100(2016) 全网通4G手机 双卡双待雪域白 网通4G手机 双卡双待 雪域白
1282,三星 Galaxy A9100(2016) 全网通4G手机 双卡双待魔幻金 双卡双待 魔幻金
1283,三星 Galaxy C5 SM-C5000 全网通 智能4G手机 32GB全网通 烟雨灰
1284,三星 Galaxy C5 SM-C5000 全网通 智能4G手机 32GB全网通 皎洁银
1285,三星 Galaxy C5 SM-C5000 全网通 智能4G手机 烟雨灰
1286,三星 Galaxy C5 SM-C5000 全网通 智能4G手机 皎洁银
1287,三星 Galaxy C5（SM-C5000）32G版 枫叶金 移动联通电信4G手机 双卡双待
1288,三星 Galaxy C5（SM-C5000）32G版 枫叶金 移动联通电信4G手机 双卡双待 移动联通电信4G手机 32G版 枫叶金
1289,三星 Galaxy C5（SM-C5000）32G版 蔷薇粉 移动联通电信4G手机 双卡双待 移动联通电信4G手机 32G版 蔷薇粉
1290,三星 Galaxy C7  SM-C7000/M32 全网通 智能4G手机 烟雨灰
1291,三星 Galaxy Folder 智能4G手机 16G 金色
1292,三星 Galaxy J3PRO  智能手机  16G  流沙金
1293,三星 Galaxy Note4  4G手机 16GB 双卡双4G版 白色
1294,三星 Galaxy Note4 (N9100) 幻影白 移动联通4G手机
1295,三星 Galaxy Note7（N9300）64G版星钻黑 全网通4G手机 星钻黑 64G 全网通
1296,三星 Galaxy S6  4G手机 冰玉蓝全网通4G32G
1297,三星 Galaxy S6 4G手机 全网通4G 32G 星钻黑
1298,三星 Galaxy S6 4G手机 全网通4G 32G 雪晶白
1299,三星 Galaxy S6 4G手机 全网通4G32G 冰玉蓝
1300,三星 Galaxy S6 4G手机 铂光金 全网通4G 32G 全网通 铂光金
1301,三星 Galaxy S6 4G手机 铂光金 全网通4G 32G全网通 铂光金
1302,三星 Galaxy S6 4G手机全网通4G 32G 星钻黑
1303,三星 Galaxy S6 4G手机全网通4G 32G 雪晶白
1304,三星 Galaxy S6 4G手机全网通4G32G冰玉蓝
1305,三星 Galaxy S6 edge 移动联通电信4G手机 32G 全网通 樱金粉
1306,三星 Galaxy S6 edge 移动联通电信4G手机 32G 全网通 铂光金
1307,三星 Galaxy S6 edge 移动联通电信4G手机 32G 全网通 雪晶白
1308,三星 Galaxy S6 edge 移动联通电信4G手机 32G全网通 星钻黑
1309,三星 Galaxy S6 edge 移动联通电信4G手机 64G 全网通 松珀绿
1310,三星 Galaxy S6 edge 移动联通电信4G手机 64G 全网通 雪晶白
1311,三星 Galaxy S6 edge 移动联通电信4G手机 星钻黑 64G 全网通
1312,三星 Galaxy S6 edge 移动联通电信4G手机 雪晶白 64G 全网通
1313,三星 Galaxy S6 edge 移动联通电信4G手机32G 全网通 樱金粉
1314,三星 Galaxy S6 edge 移动联通电信4G手机32G 全网通 雪晶白
1315,三星 Galaxy S6 edge 移动联通电信4G手机32G 全网通樱金粉
1316,三星 Galaxy S6 edge 移动联通电信4G手机64G 全网通 雪晶白
1317,三星 Galaxy S6 edge+ 智能4G手机32G 全网通 铂光金
1318,三星 Galaxy S6 edge+ 智能4G手机32G 全网通 雪晶白
1319,三星 Galaxy S6 edge+ 智能4G手机64G 全网通 铂光金
1320,三星 Galaxy S6 edge（G9250）32G版 铂光金 移动联通电信4G手机
1321,三星 Galaxy S7 edge 智能4G手机 32GB全网通 蝙蝠侠版本 星钻黑
1322,三星 Galaxy S7 edge 智能4G手机 星钻黑 32GB 全网通
1323,三星 Galaxy S7 edge 智能4G手机 星钻黑 32GB 全网通 32GB 全网通 星钻黑
1324,三星 Galaxy S7 edge 智能4G手机 星钻黑 64GB 全网通
1325,三星 Galaxy S7 edge 智能4G手机 星钻黑 64GB 全网通 64GB 全网通 星钻黑
1326,三星 Galaxy S7 edge 智能4G手机 钛泽银 32GB 全网通
1327,三星 Galaxy S7 edge 智能4G手机 钛泽银 32GB 全网通 32GB 全网通 钛泽银
1328,三星 Galaxy S7 edge 智能4G手机 铂光金 32GB 全网通
1329,三星 Galaxy S7 edge 智能4G手机 铂光金 32GB 全网通 32GB 全网通 铂光金
1330,三星 Galaxy S7 edge 智能4G手机 铂光金 64GB 全网通
1331,三星 Galaxy S7 edge 智能4G手机 铂光金 64GB 全网通 64GB 全网通 铂光金
1332,三星 Galaxy S7 edge 智能4G手机 雪晶白 32GB 全网通
1333,三星 Galaxy S7 edge 智能4G手机 雪晶白 32GB 全网通 32GB 全网通 雪晶白
1334,三星 Galaxy S7 edge（G9350）32G版 铂光金移动联通电信4G手机 双卡双待
1335,三星 Galaxy S7 智能4G手机 星钻黑 32GB 全网通
1336,三星 Galaxy S7 智能4G手机 星钻黑 32GB 全网通 32GB 全网通 星钻黑
1337,三星 Galaxy S7 智能4G手机 铂光金 32GB 全网通
1338,三星 Galaxy S7 智能4G手机 铂光金 32GB 全网通 32GB 全网通 铂光金
1339,三星 Galaxy S7 智能4G手机 雪晶白 32GB 全网通
1340,三星 Galaxy S7 智能4G手机 雪晶白 32GB 全网通 32GB 全网通 雪晶白
1341,三星 Galaxy S7 智能4G手机32GB 全网通 钛泽银
1342,三星 Galaxy S7（G9300）32G版 星钻黑 移动联通电信4G手机 双卡双待
1343,三星 Galaxy S7（G9300）32G版 铂光金 移动联通电信4G手机 双卡双待
1344,三星 Galaxy on56 移动联通电信4G手机 嫣霞粉 32G
1345,三星 Galaxy on56 移动联通电信4G手机 流沙金 32G
1346,三星?Galaxy S7 edge?智能4G手机?32GB全网通?蝙蝠侠版本?星钻黑
1347,三星A9100 全网通4G手机32G(精灵黑）
1348,三星A9100 全网通4G手机32G（魔幻金）
1349,三星C5000全网通4G双卡双待手机 枫叶金 64G 全网通
1350,三星C5000全网通4G双卡双待手机 烟雨灰 64G 全网通
1351,三星C5000全网通4G双卡双待手机 皎洁银 64G 全网通
1352,三星C5000全网通4G双卡双待手机 蔷薇粉 64G 全网通
1353,三星C7000全网通4G双卡双待手机 枫叶金 64G 全网通
1354,三星C7000全网通4G双卡双待手机 烟雨灰 32G 全网通
1355,三星C7000全网通4G双卡双待手机 烟雨灰 64G 全网通
1356,三星C7000全网通4G双卡双待手机 皎洁银 16G 全网通
1357,三星C7000全网通4G双卡双待手机 皎洁银 64G 全网通
1358,三星C7000全网通4G双卡双待手机 蔷薇粉 64G 全网通
1359,三星C7000全网通4G双卡双待手机皎洁银32G全网通
1360,三星G1600 金色16G全网通 智能4G手机 金色 16G 全网通
1361,三星GALAXY J3 Pro（J3110）流沙金 移动联通4G手机 三星GALAXY J3 Pro 流沙金
1362,三星GALAXY J3 Pro（J3110）皓月银 移动联通4G手机 三星GALAXY J3 Pro 皓月银
1363,三星Galaxy-C7（SM-C7000）32G版全网通4G手机
1364,三星GalaxyOn7  (G6000)金色 全网通4G手机 双卡双待
1365,三星SM-A91000全网通版4G手机(魔幻金)
1366,三星笔记本电脑
1367,三星（SAMSUNG） 275E5E-K01 笔记本电脑 曜月黑 4G 15.6英寸
1368,三横条中学生书包双肩电脑背包18寸AS-B06
1369,三横条中学生书包双肩电脑背包19寸AS-B06
1370,三横条中学生书包双肩电脑背包20寸AS-B06
1371,三横条中学生书包双肩电脑背包简易版AS-B06S
1372,中 电脑套 883137809012玫红无
1373,中 电脑套 883137809012黄无
1374,中兴 L580 移动老人手机 咖啡色
1375,中兴 L580 移动老人手机 白色
1376,中兴 L580 移动老人手机 红色
1377,中兴 L580 移动老人手机 金色
1378,中兴 L580 移动老人手机 黑色
1379,中兴 L618 老人手机 绿色
1380,中兴 L628 老人手机 黑色
1381,中兴 L928 老人手机 白色
1382,中兴 L928 老人手机 红色
1383,中兴 L928 老人手机 金色
1384,中兴 N1 老人手机 白色
1385,中兴 N1 老人手机 红色
1386,中兴 N1 老人手机 金色
1387,中兴 N1 老人手机 黑色
1388,中兴BLADE A1 灵动白 4G全网通手机
1389,中兴BLADE A1 灵动白 移动4G手机
1390,中兴CV19 电信老人手机（白色）
1391,中兴CV19 电信老人手机（红色）
1392,中兴CV19 电信老人手机（金色）
1393,中兴CV19 电信老人手机（黑色）
1394,中兴V88 老人手机 灰色
1395,中兴原装耳机SOH3505
1396,中兴（ZTE）L788 移动/联通2G 老人手机 典雅红
1397,中兴（ZTE）L788 移动/联通2G 老人手机 炫酷黑
1398,中学生书包深灰色全方位电脑背包AS-B07
1399,乐Max2 双卡双待全网通4G手机 ( 6G+64G)
1400,乐当家 电脑桌线孔盒53cm
1401,乐檬专供OVC金属入耳式耳机 ES-C9 玫瑰红
1402,乐视 乐 1S 手机 银色 32G 太子妃版 银色
1403,乐视 乐2 （X620）手机原力金3G+32G全网通X620原力金
1404,乐视 乐2（X620）手机金色3G+32G全网通X620金色
1405,乐视 乐MAX2（X820） 高配版 手机 原力金 6G+64G 全网通
1406,乐视 反戴式耳机（能良自采）
1407,乐视Soundbar音箱SMA4QN
1408,乐视超级无线音箱
1409,乐视（Leme）EB30?蓝牙耳机
1410,乐视（Letv）乐视手机1S 32GB 移动联通4G手机 双卡双待 太子妃版 金色
1411,乐视（Letv）反戴式入耳耳机 手机线控耳机 黑色
1412,乔威 H06蓝牙耳机(能良自采)
1413,二合一便携数据线/白
1414,二合一数据线/白
1415,二合一数据线/黑
1416,二合一数据线新改款/黑
1417,云发宝T5智能手机
1418,云发宝T5智能手机金色
1419,京东鼠标垫
1420,亿觅 ME01小恶魔耳机-线控版（能良自采）
1421,亿觅 ME01小恶魔耳机-非线控版（能良自采）
1422,优乐购 电话充值卡-500
1423,优派MU255有线鼠标 黑色
1424,优派MW288无线鼠标 白色
1425,优派MW288无线鼠标 黑色
1426,优越者（UNITEK）Y-3056 USB3.0 高速拓展4口集线器HUB
1427,优越者（UNITEK）Y-3056C USB3.0高速扩展4口HUB集线器1.5米长线版 台式机笔记本
1428,佳能相机形状卡套
1429,佳能（Canon）EOS 1300D 单反相机 18-55mm套装 黑色 18-55mm
1430,佳能（Canon）EOS 1300D 单反相机18-55mm&55-250mm双头套机 黑色 18-55mm&55-250mm
1431,佳能（Canon）EOS760D单反相机（18-200mm）套机 黑色 18-200mm
1432,便携苹果数据线/白
1433,便携苹果数据线/粉
1434,便携苹果数据线/红
1435,便携苹果数据线/蓝
1436,便携苹果数据线/黑
1437,信号电缆-5V2A USB2.0-1m-Type C-OD 3.5-Usb A-荣耀版-终端专用
1438,信号电缆-USB多彩数据线-蓝色-AP50-独立包装-1.5m-USB2.0 A-flat cable 2.2*6.5-USB2.0 micro B-5V2A-低烟无卤
1439,倍思 360度 磁吸手机车载支架粘贴式（能良自采）
1440,倍思 360度 磁吸车载手机支架（能良自采）
1441,倍思 劲弹 苹果伸缩数据线（能良自采）
1442,倍思 劲炫 苹果+安卓+type-c 数据线（能良自采）
1443,倍思 双子Pro系列 金属数据线 1M银色
1444,倍思 双子pro 苹果+安卓 二合一金属数据线（能良自采）
1445,倍思 波特曼系列 双苹果+安卓接口 数据线 1.2m（能良自采）
1446,倍思 行者 双USB智能充电器（能良自采）
1447,倍思 雅纹 单头苹果数据线（能良自采）
1448,倍思USB充电器
1449,倍思锐系列Type-c USB转接头深灰
1450,倍思锐系列Type-c USB转接头金色
1451,倍斯特 图拉格 type-c 1米数据线（能良自采）
1452,先锋 APS-BA202S 便携式 蓝牙音箱 NFC 多彩蓝牙音箱
1453,先锋 SEC-E511BT Pio-one 立体声蓝牙运动耳机
1454,先锋彩色液晶电视机LED-43B550
1455,先锋（Pioneer）MOMO 防水便携蓝牙音箱
1456,先锋（Pioneer）SE-CL35S 入耳式通话耳机
1457,入耳式立体声线控运动耳机（白）
1458,入耳式立体声线控运动耳机（红）
1459,入耳式立体声线控运动耳机（蓝）
1460,入耳式立体声线控运动耳机（黑）
1461,入耳式耳机（白）
1462,入耳式耳机（黑）
1463,凡尚 苹果SE Q彩系列手机壳（能良自采）
1464,功能键盘膜 11寸-液体（镂空粉色）
1465,功能键盘膜 11寸-液体（镂空银色）
1466,功能键盘膜 11寸-液体（镂空黑色）
1467,功能键盘膜 13-17寸-PS版【黑色】
1468,功能键盘膜 13-17寸-PS版（粉色）
1469,功能键盘膜 13-17寸液态OS版【灰色】
1470,功能键盘膜 13寸-液体（镂空粉色）
1471,功能键盘膜 13寸-液体（镂空金色）
1472,功能键盘膜 13寸-液体（镂空银色）
1473,功能键盘膜11寸-Mac版【灰色】
1474,功能键盘膜11寸-PS版【蓝色】
1475,功能键盘膜12寸液态硅胶金色
1476,功能键盘膜13-17寸快捷功能（金色）
1477,功能键盘膜13-17寸快捷功能（黑色）
1478,功能键盘膜Air13/Retina-Ai版【粉色】
1479,功能键盘膜Air13/Retina-Ai版【黑色】
1480,功能键盘膜Air13/Retina-Mac版【粉色】
1481,功能键盘膜Air13/Retina-Mac版【黑色】
1482,助听器耳机
1483,努比亚  Z11 Max 手机 金色 4G+64G 全网通
1484,努比亚  Z11 mini 手机黑色3G+64G全网通Z11 mini黑色
1485,努比亚 NUBIA 【4+64GB】Z11 移动联通电信4G手机 双卡双待
1486,努比亚 Z11 Max  套装版 手机 星空灰 4G+64G 全网通
1487,努比亚 Z11 miniS  高配版 手机 黑金色 4G+ 128G 全网通
1488,努比亚 Z11 miniS 手机 卡其色 4GB+64GB 全网通
1489,努比亚 Z11 miniS 手机 香槟金 4GB+64GB 全网通
1490,努比亚 Z11 miniS 手机 黑金色 4G+64G 全网通
1491,努比亚 Z11 miniS 手机卡其色4GB+64GB全网通
1492,努比亚 Z11 miniS 手机香槟金4GB+64GB全网通
1493,努比亚 Z11 尊享版 手机 咖啡金 6G+128G 全网通版
1494,努比亚 Z11 尊享版 手机 曜石金 C罗典藏版 6G+128G 全网通
1495,努比亚 Z11 手机 极光蓝 4G+64G 全网通
1496,努比亚 Z11 高配版 手机 白金版 6G+64G 全网通
1497,努比亚 Z11 高配版 手机 百合金 6G+64G 全网通版
1498,努比亚 Z11黑金色（6+64G）全网通版手机
1499,努比亚 Z11黑金色（6+64G）全网通版手机 黑金色 64G 网通版
1500,努比亚 Z11（4+64G）百合金全网通版手机 百合金 64G 全网通版
1501,努比亚 Z11（4G+64G）旭日金全网通版手机 旭日金 （4G+64G） 全网通版
1502,努比亚 Z11（4G+64G）百合金  全网通版手机
1503,努比亚 律音Pro耳机
1504,努比亚双向拉伸手机夹
1505,努比亚圈铁耳机
1506,努比亚律音耳机
1507,努比亚新一代耳机
1508,半年延长保? OPPO手机（1500-2999元价位段）
1509,华为  Mate8  联通32GB版4G手机
1510,华为 3X畅玩版 原装耳机（能良自采）
1511,华为 AM116 耳机（能良自采）
1512,华为 Colortooth 多彩蓝牙耳机 （洛可可粉）
1513,华为 HUAWEI  USB带线充电头（白色）
1514,华为 HUAWEI AM04S Colortooth 多彩蓝牙耳机（洛可可粉）
1515,华为 HUAWEI AM04S Colortooth 多彩蓝牙耳机（石墨黑）
1516,华为 HUAWEI AM04S Colortooth 多彩蓝牙耳机（萤石白）
1517,华为 HUAWEI AM04S Colortooth 多彩蓝牙耳机（薄荷青）
1518,华为 HUAWEI Color Radio NFC蓝牙免提音箱（晴空蓝）
1519,华为 HUAWEI Mate8 4G手机 双卡双待 全网通高配(4GRAM+64GROM)
1520,华为 HUAWEI P9 32GB 全网通4G手机
1521,华为 HUAWEI P9 64GB 全网通4G手机
1522,华为 HUAWEI Type C 数据线（白色）
1523,华为 HUAWEI 华为快充 电源适配器 兼容9V2A 5V2A输出 手机充电器 USB充电头（白色
1524,华为 HUAWEI 小天鹅蓝牙免提音箱 AM08（洛可可粉）
1525,华为 HUAWEI 小天鹅蓝牙免提音箱 AM08（薄荷绿）
1526,华为 HUAWEI 小天鹅蓝牙免提音箱 AM08（香槟金）
1527,华为 HUAWEI 电源适配器数据线  USB带线充电头（白色）
1528,华为 HUAWEI 电源适配器数据线 5V1A手机带线充电器 USB带线充电头（白色）
1529,华为 HUAWEI 电源适配器数据线 5V2A手机带线充电器 USB带线充电头（白色）
1530,华为 HUAWEI 畅享5 双卡双待 全网通版 4G智能手机  （朦胧灰）
1531,华为 HUAWEI 畅享5 双卡双待 全网通版 4G智能手机 白色
1532,华为 HUAWEI 蓝牙免提音箱 AM08（白色）
1533,华为 HUAWEI 蓝牙音箱（晴空蓝）
1534,华为 HUAWEI 迷你版电源适配器 5V/1A 手机充电器 USB充电头（白色）
1535,华为 HUAWEI 高端数据线缆（支持OTG功能）
1536,华为 M2 10.1英寸平板电脑 16GB LTE版 月光银
1537,华为 M2 10.1英寸平板电脑 16GB WIFI版 月光银
1538,华为 M2 10.1英寸平板电脑 16GB WiFi版 月光银
1539,华为 M2 10.1英寸平板电脑 64GB LTE版 日晖金
1540,华为 M2 10.1英寸平板电脑 64GB WiFi版 日晖金
1541,华为 M2 8英寸平板电脑 16GB WiFi 香槟金
1542,华为 USB通用数据线（能良自采）
1543,华为 原装Type-c数据线（能良自采）
1544,华为 小天鹅 蓝牙音箱（能良自采）
1545,华为 懒人手机支架
1546,华为 电源适配器 5V/2A 不含数据线（白色）
1547,华为 电源适配器+数据线 5V/2A（白色）
1548,华为1.5米Type C 多彩数据线-白色
1549,华为1.5米二合一多彩数据线-白色
1550,华为1.5米二合一多彩数据线-蓝色
1551,华为G9Plus移动联通版4G手机
1552,华为G9青春版16G全网通4G手机（金色）
1553,华为G9青春版16G移动4G手机
1554,华为HUAWEI Mate 8 全网通版4G手机 3GB+32GB(月光银）
1555,华为HUAWEI Mate 8 公开版（联通版4G手机） 3GB+32GB
1556,华为HUAWEI 荣耀畅玩5C 移动4G手机
1557,华为HUAWEIAM116半入耳式耳机
1558,华为Mate8  32GB移动4G手机（苍穹灰）
1559,华为OTG数据线_AP56白色
1560,华为P9 全网通4G手机 64GB（琥珀金）
1561,华为P9 联通移动双4G手机（皓月银）
1562,华为P9-3GB+32GB移动4G手机
1563,华为主动降噪耳机 黑色
1564,华为儿童手表漫威系列冰雪奇缘（高清通话+360度安全防护+智能手表手机 礼物礼品）
1565,华为儿童手表漫威系列米奇款（高清通话+360度安全防护+智能手表手机 礼物礼品）
1566,华为儿童手表漫威系列米妮款（高清通话+360度安全防护+智能手表手机 礼物礼品）
1567,华为儿童手表漫威系列美国队长（高清通话+360度安全防护+智能手表手机 礼物礼品）
1568,华为多彩数据线-白色
1569,华为多彩数据线-粉色
1570,华为多彩数据线-红色
1571,华为多彩数据线-蓝色
1572,华为快充 手机充电器 9V2A+数据线
1573,华为快充+TypeC数据线套装
1574,华为畅玩5C 版双4G手机
1575,华为畅玩5C 移动版4G手机
1576,华为盒子M330 真4K高清智能网络电视机顶盒
1577,华为盒子增强版 真4K高清智能网络电视机顶盒
1578,华为荣耀7移动标准版4G手机16G(冰河银）
1579,华为荣耀8 4GB加64GB全网通4G手机（珠光白）
1580,华为荣耀8全网通64G版4G手机
1581,华为荣耀畅玩5C 双4G手机（落日金）
1582,华为（HUAWEI） M2 8英寸平板电脑（ 16GB LTE）月光银
1583,华为（HUAWEI） M2 8英寸平板电脑（ 64GB LTE）香槟金
1584,华为（HUAWEI）MateBook 扩展坞 MateDock USB typeC 转网口/HDMI/VGA /USB typeA 棕色
1585,华为（HUAWEI）MateBook 扩展坞 MateDock USB typeC 转网口/HDMI/VGA /USB typeA 黑色
1586,华为（HUAWEI）华为盒子M330 真4K高清智能网络电视机顶盒H.265硬件解码电视盒子蓝牙4.0
1587,华为（HUAWEI）华为盒子增强版 真4K高清智能网络电视机顶盒 H.265硬解安卓电视盒子 3D 蓝牙4.0
1588,华硕(ASUS) Vivomouse WT720 触摸板遥控器三合一鼠标
1589,华硕平板电脑 Z300C 2G 16G 金
1590,华硕电脑包
1591,华硕鼠标
1592,华硕（ASUS） EQ-30 红外无线鼠标 粉色
1593,华硕（ASUS）商务便携笔记本电脑U303UB
1594,卡提诺-子母电脑包 【黄色】 11寸
1595,卡提诺-学院风电脑包 【手提款】13.3寸
1596,卡提诺-学院风电脑包 【手提款】15.4寸
1597,卡提诺-幻彩电脑包 11.6寸典雅灰
1598,卡提诺-幻彩电脑包 11.6寸柠檬黄
1599,卡提诺-幻彩电脑包 13.3寸典雅灰
1600,卡提诺-幻彩电脑包 13.3寸甜美粉
1601,卡提诺-幻彩电脑包 15.4寸甜美粉
1602,卡提诺-牛仔电脑包 13.3寸灰
1603,卡提诺-牛仔电脑包 13.3寸蓝
1604,卡提诺-牛仔电脑包 15.4寸灰
1605,卡提诺-超越电脑包 咖啡棕11.6
1606,卡提诺-超越电脑包 复古铜13.3
1607,卡提诺-超越电脑包 宾利黑11.6
1608,卡提诺-超越电脑包 宾利黑13.3
1609,卡提诺风尚电脑包 灰 13.3寸
1610,卡提诺风尚电脑包升级版灰色13寸
1611,卡提诺风尚电脑包升级版灰色15寸
1612,卡西欧 CASIO EX-FR100 数码相机
1613,卡西欧 CASIO EX-TR600 数码相机 自拍神器 1110万像素 21mm广角
1614,卡西欧EX-TR550 数码相机
1615,双肩相机电脑背包AS09M15
1616,品牌 Type C数据线（能良自采）
1617,品牌线控耳机 赠品颜色随机发(能良自采）
1618,品胜三合一数据线
1619,品胜二合一数据线
1620,哆啦A梦iphone6 plus/6s plus挂饰款保护壳
1621,哆啦A梦iphone6 plus/6s plus背夹电源手机壳
1622,哆啦A梦iphone6/6s挂饰款保护壳
1623,哆啦A梦iphone6/6s背夹电源手机壳
1624,哆啦A梦蓝牙音箱
1625,哆啦A梦迷你蓝牙音箱
1626,固特 A568电脑线盒
1627,国产三角形手腕带（翻转屏相机使用）
1628,坚果手机 延长保修服务
1629,坚果手机 意外保修服务
1630,坚果手机彩色背壳 橙色
1631,坚果手机彩色背壳 白色
1632,坚果手机彩色背壳 紫色
1633,坚果手机彩色背壳 绿色
1634,坚果手机彩色背壳 黄色
1635,坚果手机文艺青年版背壳 枯草
1636,坚果手机文艺青年版（枯草，32GB）
1637,坚果手机文艺青年版（柳煤竹茶，32GB）
1638,坚果手机文艺青年版（石竹，32GB）
1639,坚果手机文艺青年版（苏芳，32GB）
1640,坚果手机文艺青年版（落栗，32GB）
1641,坚果手机文艺青年版（远州鼠，32GB）
1642,坚果手机文艺青年版（远州鼠，32GB，全网通）
1643,坚果手机文艺青年版（锖青磁，32GB）
1644,坚果手机文艺青年版（鸠羽紫，32GB）
1645,坚果手机标准版（灰色，16GB，全网通）
1646,坚果手机标准版（灰色，32GB，全网通）
1647,坚果手机标准版（黑色，32GB，全网通）
1648,坚果手机硅胶保护套 橙色
1649,坚果手机硅胶保护套 紫色
1650,坚果手机硅胶保护套 红色
1651,坚果手机硅胶保护套 绿色
1652,坚果手机硅胶保护套 青色
1653,坚果手机硅胶透明保护套 透明无色
1654,坚果手机（橙色，16GB）
1655,坚果手机（橙色，32GB）
1656,坚果手机（灰色，16GB）
1657,坚果手机（灰色，16GB，移动定制）
1658,坚果手机（灰色，32GB）
1659,坚果手机（紫色，16GB）
1660,坚果手机（紫色，32GB）
1661,坚果手机（红色，16GB）
1662,坚果手机（红色，32GB）
1663,坚果手机（绿色，16GB）
1664,坚果手机（绿色，32GB）
1665,坚果手机（蓝色，16GB）
1666,坚果手机（蓝色，32GB）
1667,坚果手机（青色，16GB）
1668,坚果手机（青色，32GB）
1669,坚果手机（黄色，16GB）
1670,坚果手机（黄色，32GB）
1671,坚果手机（黑色，16GB）
1672,坚果手机（黑色，32GB）
1673,复古灰色双肩电脑背包AS11W06
1674,复古相机
1675,夏新4G通话平板电脑
1676,夏日甜心手机扣环大熊猫
1677,夏日甜心手机扣环甜甜圈
1678,夏日甜心浮雕手机壳iPhone6+全透PC壳
1679,夏日甜心浮雕手机壳iPhone6+磨砂PC壳
1680,夏日甜心浮雕手机壳iPhone6全透PC壳
1681,夏日甜心浮雕手机壳iPhone6磨砂PC壳
1682,夏普60英寸4K超薄智能网络wifi液晶电视机
1683,夏普70英寸4K超薄智能网络wifi液晶电视机
1684,夏普平板电视机
1685,夏朗a320老人手机（红色）
1686,夏朗a320老人手机（金色）
1687,夏朗a320老人手机（黑色）
1688,多啦A梦 3D立体公仔手机壳
1689,多啦A梦 4D立体公仔手机壳
1690,多啦A梦 指环扣手机壳 iphone6 plus/6s plus
1691,多啦A梦 指环扣手机壳 iphone6/6s
1692,多彩(DeLUX)Air2无线蓝牙键盘
1693,多用途阿拉神灯/音箱/闹钟-蓝色
1694,大疆DJI一体式手持云台相机&quot;灵眸&quot; OSMO 稳定器 搭载X3 X5 悟相机 三轴稳定器 OSMO
1695,大白蓝牙音箱
1696,奇酷 1501-A02 360手机F4 （全网通）
1697,奈华特?NT18智能手机
1698,学生方格蜻蜓人双肩电脑背包AS11EA05
1699,安卓编织数据线3英尺蓝色
1700,宝雕 电脑盖B 109
1701,富士数码相机X-A3/16500II套装 银白
1702,富士趣奇instax mini25相机 珍珠光彩（粉）
1703,富士（FUJIFILM）趣奇（checky）instax mini25相机礼盒套装（Kitty版）
1704,小V无线蓝牙音箱
1705,小天才电话手表
1706,小天鹅蓝牙音箱
1707,小欧猴笔筒 OPPO 手机毛绒带条码
1708,小球音箱（橙色）
1709,小球音箱（白色）
1710,小米 4c 高配版 全网通 白色 移动联通电信4G手机
1711,小米 Max 128G版手机 金色 4G+ 128G 全网通
1712,小米 Max 128G版手机 银色 4G+ 128G 全网通
1713,小米 Max 128G版手机银色4G+ 128G全网通
1714,小米 Max 32G版手机金色3G+32G全网通小米max金色
1715,小米 Max 32G版手机银色3G+32G全网通小米max银色
1716,小米 Max 64G版手机金色3G+64G全网通小米max金色
1717,小米 Max 64G版手机银色3G+64G全网通小米max银色
1718,小米 Max 手机 3G+64G 全网通 小米max 银白色
1719,小米 平板电脑2代 16G(WIFI版)-金色(能良自采)
1720,小米 平板电脑2代 16G(WIFI版)-银色(能良自采)
1721,小米 平板电脑2代 64G(WIFI版)-金色(能良自采)
1722,小米 平板电脑2代 64G(WIFI版)-银色(能良自采)
1723,小米 平板电脑2代 64G(Windows版)-香槟金(能良自采)
1724,小米 炫彩版耳机 (能良自采)
1725,小米 米5紫色32G全网通版手机 紫色 32G 全网通版
1726,小米 米5紫色64G全网通版手机 紫色 64G 全网通版
1727,小米 红米 3S 高配版 手机 灰色 3G+32G 全网通
1728,小米 红米 Note4 特供版 手机 金色 3G+32G 全网通
1729,小米 红米 Note4 特供版 手机 银色 3G+32G 全网通
1730,小米 红米 Note4 高配版 手机 灰色 3G+64G 全网通
1731,小米 红米3s  手机 2G+16G 全网通 红米3s 灰色
1732,小米 红米3s 手机 金色 2G+16G 全网通版 红米3s 金色
1733,小米 红米3s 银白色16G全网通公开版手机 银白色 16G 全网通公开版
1734,小米 红米3s银白色32G全网通手机 银白色 32G 全网通
1735,小米 红米Pro 尊享版 手机 金色 4GB+ 128GB 全网通
1736,小米 红米note4金色64G全网通版手机 金色 64G 全网通版
1737,小米 红米note4银白16G全网通手机 银白 16G 全网通
1738,小米 红米note4银白64G全网通手机 银白 64G 全网通
1739,小米 红米pro（3G+64G）银白色全网通版手机 银白色 （3G+64G） 全网通版
1740,小米 红米手机3S 标准版 16GB(全网通)经典深灰-(能良自采)
1741,小米 红米手机3S 标准版 16GB(全网通)经典金色-(能良自采)
1742,小米 红米手机3S 标准版 16GB(全网通)经典银白-(能良自采)
1743,小米 红米手机3S 高配版 32GB(全网通)经典深灰-(能良自采)
1744,小米 红米手机3S 高配版 32GB(全网通)经典金色-(能良自采)
1745,小米 红米手机3S 高配版 32GB(全网通)经典银白-(能良自采)
1746,小米 红米手机3X 32G（全网通）经典金色-（能良自采）
1747,小米4口 USB 充电器
1748,小米5 标准版 手机 3G+32G 全网通 小米5 金色
1749,小米5 标准版 手机3G+32G全网通小米5金色
1750,小米5 标准版 手机白色3G+32G全网通标准版白色
1751,小米5 高配版 手机 3G+64G 全网通 小米5 白色
1752,小米5 高配版 手机3G+64G全网通小米5白色
1753,小米5 高配版 手机金色3G+64G全网通小米5金色
1754,小米5S 高配版 手机 哑光金 4G+128G 全网通
1755,小米5s 32G版 手机 金色 4G+ 32G 全网通
1756,小米5s 32G版 手机 银色 4G+ 32G 全网通
1757,小米5s 标准版 手机 哑光金 3G+64G 全网通
1758,小米5全网通4G手机高配版3GB内存64GB（淡紫色）
1759,小米Max 全网通32G版4G手机（银色）
1760,小米note 移动4G手机 16G? 天然竹
1761,小米手机 小米5 黑色 64G 小米5 黑色 64G
1762,小米手机 小米5 黑色 64G全网通手机 黑色 64G 全网通版
1763,小米手机 红米3s 金色16g 全网通 红米3s 金色
1764,小米手机5  全网通标准版   金色（32G）
1765,小米手机5  全网通高配版   金色（64G）
1766,小米手机5 标准版 32G 全网通
1767,小米手机5全网通高配版3GB内存64GB淡紫色3D玻璃
1768,小米手机５全国网通
1769,小米电视49寸裸配（不含条形音箱 不含低音炮）
1770,小米红米Note3双4G手机16GB（金色）
1771,小米蓝牙音箱
1772,小米长条音箱
1773,小米（MI）小钢炮蓝牙音箱2
1774,小蘑菇蓝牙音箱 橙色
1775,小蘑菇蓝牙音箱 玫红色
1776,小蘑菇蓝牙音箱 红色
1777,小蘑菇蓝牙音箱 绿色
1778,小蘑菇蓝牙音箱 蓝色
1779,小蘑菇蓝牙音箱 黄色
1780,小蘑菇蓝牙音箱 黑色
1781,小蚁运动相机
1782,小钢炮蓝牙音箱 经典版(黑色)
1783,尼康2013S系列相机包GES（迷彩）
1784,尼康原装D60相机包
1785,已包装USB线 1m USB公/Micro7P DL118 白
1786,已包装蓝牙耳机 J134-6957141400357
1787,已包装蓝牙耳机 Q13 白
1788,已包装蓝牙音箱 Q9 90×68×25
1789,已包装蓝牙音箱 X3 6970092110007
1790,希捷 Seagate 2TB 2.5英寸 Backup Plus USB3.0 便携式移动硬盘
1791,平板电脑
1792,平板电脑多角度支架
1793,幻响 二合一充电数据线（能良自采）
1794,幻响 创意手机指环扣（能良自采）
1795,幻响 线控苹果耳机（能良自采）
1796,康佳液晶电视机32寸E330C
1797,康佳液晶电视机32寸K11A
1798,康佳液晶电视机39寸E330CE
1799,康佳液晶电视机39寸K60U
1800,康佳液晶电视机42寸K11A
1801,康佳液晶电视机42寸K70A
1802,康佳液晶电视机42寸LED42E330CE
1803,康佳液晶电视机49寸K70A
1804,康佳液晶电视机49寸K70U
1805,康佳液晶电视机55寸55X8800U
1806,康佳液晶电视机55寸K60U
1807,引擎耳机 白色
1808,引擎耳机AM12 plus 月光银
1809,微星（msi）GE60 2PG-843XCN 15.6英寸游戏笔记本电脑 黑色 4GB
1810,微烁鼠标
1811,微烁鼠标垫
1812,微软 Surface Pro 4 中文版 Intel Core m3 4GB内存/128GB存储 平板电脑 银色 4GB WiFi
1813,微软(Microsoft)  All-in-One Media 无线多媒体键盘
1814,心形UFO蓝牙旋转发光音箱
1815,快轮手机支架
1816,怡合 清华同方电脑
1817,悟  PART40  云台相机
1818,悟 PART60 云台相机 ND16滤镜圈套装
1819,悟 PART61 云台相机 ND8滤镜圈套装
1820,悟 Part 35 云台相机 滤镜 套装
1821,悟 Part 78 机架（不含遥控器，相机，电池和电池充电器） (中国版，V2.0/PRO)
1822,悟PART45手机支架
1823,惟森耳机
1824,我的照相机
1825,戴尔(DELL) XPS 13-9350-3708 13.3英寸微边框笔记本电脑
1826,戴尔（DELL） Ins14CR-1528R 灵越14英寸笔记本电脑 红色 4GB
1827,手机 A33 白 16GB 2GB (OEM)5#
1828,手机 A33m 白(16GB 2GB) 3#
1829,手机 A33m-2 白（16GB 2GB)3#OEM
1830,手机 A33m白（16GB 2GB）3#OEM
1831,手机 A33m白（16GB 2GB）3＃OEM
1832,手机 A33白 16GB 2GB（OEM）2#
1833,手机 A33黑（ 16GB 2GB)
1834,手机 A37 玫瑰金（16GB 2GB)全网通版
1835,手机 A37m-13 金(OEM)
1836,手机 A37m-2 玫瑰金
1837,手机 A37m-4 金(OEM)
1838,手机 A37m-6 玫瑰金
1839,手机 A37m-6 金(OEM)
1840,手机 A37m-7 金(OEM)
1841,手机 A59m 玫瑰金(32GB 3GB)
1842,手机 A59m 金（32GB 3GB)
1843,手机 A59m-2金（32GB 3GB）
1844,手机 A59s 玫瑰金(32GB 4GB)
1845,手机 A59s 金(32GB 4GB)
1846,手机 PD1616A 玫瑰金 H+d
1847,手机 PD1616A 金色 H+d
1848,手机 R7s-2 金(32G 4G) 5872882
1849,手机 R9 Plusm A 金(64G 4G) 4#
1850,手机 R9 Plusm A-2 金(64G 4G)
1851,手机 R9 Plusm A金（64G 4G)2#
1852,手机 R9S-2 红 杨幂定制
1853,手机 R9S-3 黑
1854,手机 R9m Gold 金 (64GB 4GB)
1855,手机 R9m 金 2#
1856,手机 R9m 金 3#
1857,手机 R9m-2 玫瑰金 2#
1858,手机 R9m-3 玫瑰金 2#
1859,手机 R9m-3 玫瑰金 3#
1860,手机 R9m-3 玫瑰金 4#
1861,手机 R9m-3 金
1862,手机 R9m-3 金 2#
1863,手机 R9s  玫瑰金(64GB+4GB)
1864,手机 R9s Plus 金(64GB 6GB)
1865,手机 R9s Plus-2 玫瑰金(64GB 6GB)
1866,手机 R9s 金 TFphone-王俊凯版
1867,手机 R9s 金 TFphone-王源版
1868,手机 R9s 金 Tfphone 易烊 千玺版
1869,手机 R9s 金(64GB+4GB)
1870,手机 R9s-3 黑
1871,手机 V3M A 玫瑰金 PD1524BA 32G+3G
1872,手机 V3M A 香槟金 PD1524BA 32G+3G
1873,手机 V3Max A 玫瑰金 PD1523A 32G+3G
1874,手机 V3Max A 香槟金 PD1523A 32G+3G
1875,手机 V3Max A 香槟金 PD1523A 32G+3G 美国队长
1876,手机 X6S A 玫瑰金 PD1415BA (64G+4G)
1877,手机 X6S A 金色 PD1415BA (64G+4G)
1878,手机 X6SPlus D 玫瑰金 PD1501BD 64G+4G
1879,手机 X6SPlus D 金色 PD1501BD 64G+4G
1880,手机 X7 玫瑰金 PD1602A 64G+4G
1881,手机 X7Plus 玫瑰金 PD1603A 64G+4G
1882,手机 X7曜石黑PD1602A 128G+4G
1883,手机 Xplay5A 玫瑰金 PD1522A
1884,手机 Xplay5A 香槟金 PD1522A
1885,手机 Xplay6 玫瑰金 PD1610A 128G+6G
1886,手机 Y51A 流光白 PD1510A 2G（899)
1887,手机 Y51A 流光白 PD1510A(2G)
1888,手机 Y51A 流光白 PD1510A（2G）（151）
1889,手机 Y55A 星空灰 PD1613A 16G+2G(152)
1890,手机 Y55A 玫瑰金PD1613A 16G+2G
1891,手机 Y55A金色PD1613A 16G+2G（151)
1892,手机(新) R9 Plusm A-3 玫瑰金(64G 4G) 2#
1893,手机/APPLE/iPhone6S /64G/公开版/灰  ML7G2CH/A
1894,手机/APPLE/iPhone6S /64G/公开版/玫瑰金  ML7K2CH/A
1895,手机/APPLE/iPhone6S /64G/公开版/金  ML7J2CH/A
1896,手机/APPLE/iPhone6S /64G/公开版/银  ML7H2CH/A
1897,手机A31-7蓝16G（OEM）
1898,手机A31-9白（16G）
1899,手机A33-2 白（16GB 2GB）4# OEM
1900,手机A33-2 白（16GB 2GB）4＃ OEM
1901,手机A33白（16GB 2GB)
1902,手机A37m金
1903,手机A57 玫瑰金（32GB 3GB)
1904,手机A57-3  金（32GB 3GB)
1905,手机K歌麦克风 苹果版-白
1906,手机LED补光灯
1907,手机POS机
1908,手机R7S-4金（32G 4G)
1909,手机R7S-6金（32G 4G）
1910,手机R9 Plusm A 金（64G 4G)
1911,手机R9 Plusm A-3 玫瑰金（64G 4G)
1912,手机R9PlusmA-2金（64G 4G）
1913,手机V3 玫瑰金
1914,手机V3 香槟金
1915,手机V3M A 玫瑰金
1916,手机V3M A 香槟金
1917,手机V3Max A 玫瑰金
1918,手机V3Max A 香槟金
1919,手机X7 星空灰 PD1602A 64G+4G
1920,手机X7 玫瑰金(64G)
1921,手机X7 金色(64G)
1922,手机X7 金色pd1602A 64G+4G
1923,手机X7Plus 玫瑰金(128G)
1924,手机X7Plus 玫瑰金(64G)
1925,手机X7Plus金色(128G)
1926,手机X7Plus金色(64G)
1927,手机X9 玫瑰金(128G)
1928,手机X9 玫瑰金(64G)
1929,手机X9 金色(128G)
1930,手机X9 金色(64G)
1931,手机X9Plus  玫瑰金PD1619A  64G+4G
1932,手机X9Plus 玫瑰金(64G)
1933,手机X9Plus 金色(64G)
1934,手机X9i  星空灰PD1624A  64G+4G
1935,手机X9i 星空灰(64G)
1936,手机X9玫瑰金 PD1616A 64G+4G
1937,手机X9金色 PD1616A 64G+4G
1938,手机Xplay5A  玫瑰金PD1522A
1939,手机Xplay5A 玫瑰金
1940,手机Xplay5A 香槟金
1941,手机Xplay6 玫瑰金
1942,手机Xplay6 香槟金
1943,手机Xplay6 香槟金PD1610A 128G+6G
1944,手机Y31(1G) 极夜黑
1945,手机Y31(1G) 雪山白
1946,手机Y31A 极夜黑
1947,手机Y31A 雪山白
1948,手机Y51A（高配版） 流光白
1949,手机Y51A（高配版） 炫影黑
1950,手机Y51（高配版） 流光白
1951,手机Y51（高配版） 炫影黑
1952,手机Y55A 星空灰
1953,手机Y55A 星空黑
1954,手机Y55A 玫瑰金
1955,手机Y55A 金色
1956,手机Y66  玫瑰金PD1621A  32G+3G
1957,手机Y66 玫瑰金
1958,手机Y66 金色
1959,手机Y66金色PD1621A 32G+3G
1960,手机Y67  玫瑰金PD1612A  32G+4G
1961,手机Y67  玫瑰金PD1612A  64G+4G
1962,手机Y67  香槟金PD1612A  32G+4G
1963,手机Y67  香槟金PD1612A  64G+4G
1964,手机Y67 玫瑰金
1965,手机Y67 香槟金
1966,手机x7Plus金色pd1603a64G+4G
1967,手机x7pius金色pd1603a64G+4G
1968,手机一台
1969,手机包
1970,手机壳
1971,手机大臂包 884337809054黑
1972,手机拍照补光灯（能良自采）
1973,手机换新险(30天)-（能良自采）
1974,手机换新险(90天)-（能良自采）
1975,手机支架
1976,手机礼包SJBZLB-A
1977,手机礼包SJBZLB-B
1978,手机自拍杆 WS-SQB607L 天青蓝
1979,手机通用自拍神器
1980,手机防水袋
1981,手机（新）R9Plums A-3玫瑰金（64G 4G）
1982,拉卡拉蓝牙手机刷卡器Q508白
1983,拉卡拉音频复合手机刷卡器ME11白
1984,捷波朗-弦月 蓝牙耳机 黑色
1985,捷波朗-弦月蓝牙耳机 黑色
1986,捷波朗MINI迷你?商务通话蓝牙耳机?通用型?耳挂式?黑色
1987,捷波朗易行蓝牙耳机(黑色)
1988,摩托 双声道蓝牙耳机 白
1989,摩米士手机镜头
1990,数码相机教材
1991,斐尔可 104二代 粉色红轴 键盘
1992,斐尔可 104二代黑色茶轴金刻 键盘
1993,斐尔可 104二代黑色青轴金刻 键盘
1994,斐尔可 104圣手二代粉轴 黑色 静音版 键盘
1995,斐尔可 104圣手二代青轴  迷彩多媒体 键盘
1996,斐尔可 104圣手二代青轴  键盘
1997,斐尔可 104忍者圣手二代青轴 红色 键盘
1998,斐尔可 67键黑色红轴 键盘
1999,斐尔可 67键黑色茶轴 键盘
2000,斐尔可 67键黑色青轴 键盘
2001,斐尔可 87双模圣手黑色红轴 键盘
2002,斐尔可 87双模圣手黑色青轴 键盘
2003,斐尔可 87双模忍者黑色红轴 键盘
2004,斐尔可 87双模忍者黑色青轴 键盘
2005,斐尔可 87圣手2代黑色茶轴 键盘
2006,斐尔可 87圣手2代黑色青轴 键盘
2007,斐尔可 87圣手二代粉轴 黑色 静音版 键盘
2008,斐尔可 87圣手二代黄金正刻茶轴 键盘
2009,斐尔可 87圣手二代黄金正刻青轴 键盘
2010,斐尔可 87圣手二代黑色红轴 键盘
2011,斐尔可 87圣手二代黑色茶轴 键盘
2012,斐尔可 87圣手二代黑色青轴 键盘
2013,斐尔可 87圣手二代黑色黑轴  键盘
2014,斐尔可 87键粉色红轴 键盘
2015,斐尔可 87键粉色茶轴 键盘
2016,斐尔可 GKING二代忍者黑色红轴 键盘
2017,斐尔可 GKING二代粉色茶轴 键盘
2018,斐尔可 GKING二代黑色红轴 键盘
2019,斐尔可 GKING二代黑色青轴 键盘
2020,斐尔可 忍者87圣手二代黑色红轴 键盘
2021,斐尔可 忍者87圣手二代黑色茶轴 键盘
2022,斐尔可 忍者87圣手二代黑色茶轴键盘
2023,斐尔可 忍者87圣手二代黑色青轴 键盘
2024,斐尔可 忍者87圣手二代黑色黑轴 键盘
2025,斐尔可 斐尔可忍者87圣手二代红轴 红色 键盘
2026,斐尔可104二代忍者红轴黄金版 键盘
2027,斐尔可104双模忍者黑色红轴 键盘
2028,斐尔可104双模忍者黑色茶轴 键盘
2029,斐尔可104双模忍者黑色青轴 键盘
2030,斐尔可104双模忍者黑色黑轴 键盘
2031,斐尔可104双模黑色红轴 键盘
2032,斐尔可104双模黑色黑轴 键盘
2033,斐尔可67迷你啦白色红轴蓝牙版  键盘
2034,斐尔可67迷你啦白色茶轴蓝牙版 键盘
2035,斐尔可67迷你啦白色青轴蓝牙版 键盘
2036,斐尔可67迷你啦黑色红轴蓝牙版  键盘
2037,斐尔可67迷你啦黑色茶轴蓝牙版  键盘
2038,斐尔可67迷你啦黑色青轴蓝牙版键盘
2039,斐尔可67迷你啦黑色黑轴蓝牙版  键盘
2040,斐尔可87圣手2代黑茶轴键盘
2041,斐尔可87圣手2代黑青轴键盘
2042,斐尔可87圣手二代奶白色绿键帽红轴 键盘
2043,斐尔可87圣手二代奶白色绿键帽茶轴 键盘
2044,斐尔可87圣手二代奶白色绿键帽青轴 键盘
2045,斐尔可87圣手二代奶白色绿键帽黑轴 键盘
2046,斐尔可87圣手二代粉色红轴 键盘
2047,斐尔可87圣手二代粉色青轴  键盘
2048,斐尔可87圣手二代粉色黑轴  键盘
2049,斐尔可87圣手二代红轴奶酪绿 键盘
2050,斐尔可87圣手二代茶轴奶酪绿键盘
2051,斐尔可87圣手二代黑色茶轴迷彩多媒体  键盘
2052,斐尔可87圣手二代黑色青轴迷彩多媒体  键盘
2053,斐尔可87忍者圣手二代青轴红色 键盘
2054,斐尔可GKING二代忍者 黑色黑轴  键盘
2055,斐尔可GKING二代忍者红色红轴 键盘
2056,斐尔可GKING二代忍者红色茶轴  键盘
2057,斐尔可GKING二代忍者红色青轴 键盘
2058,斐尔可GKING二代忍者红色黑轴  键盘
2059,斐尔可GKING二代忍者红轴黄金刻印版  键盘
2060,斐尔可GKING二代忍者黑色红轴键盘
2061,斐尔可GKING二代忍者黑色茶轴  键盘
2062,斐尔可GKING二代忍者黑色青轴  键盘
2063,斐尔可GKING二代粉色红轴 键盘
2064,斐尔可GKING二代粉色茶轴  键盘
2065,斐尔可GKING二代粉色青轴 键盘
2066,斐尔可GKING二代粉色黑轴  键盘
2067,斐尔可GKING二代黑色茶轴正刻  键盘
2068,斐尔可GKING二代黑色茶轴迷彩多媒体  键盘
2069,斐尔可GKING二代黑色青轴迷彩多媒体 键盘
2070,斐尔可GKING二代黑色黑轴  键盘
2071,斐尔可GKING二代黑色黑轴迷彩多媒体  键盘
2072,斐尔可GKING双模忍者黑色红轴  键盘
2073,斐尔可GKING双模忍者黑色茶轴  键盘
2074,斐尔可GKING双模忍者黑色黑轴  键盘
2075,斐尔可GKING双模黑色红轴 键盘
2076,斐尔可GKING双模黑色茶轴  键盘
2077,斐尔可GKING双模黑色青轴  键盘
2078,斐尔可GKING双模黑色黑轴  键盘
2079,斐尔可Gking二代忍者青轴黄金侧刻印  键盘
2080,斐尔可Gking二代粉色青轴  键盘
2081,斐尔可Tkpad黑色茶轴数字键盘
2082,斐尔可双模GKING二代红轴奶白色 键盘
2083,斐尔可双模GKING二代茶轴奶白色 键盘
2084,斐尔可双模GKING二代青轴奶白色 键盘
2085,斐尔可双模GKING二代黑轴奶白色 键盘
2086,斐尔可双模忍者GKING二代红轴奶白色 键盘
2087,斐尔可双模忍者GKING二代茶轴奶白色 键盘
2088,斐尔可双模忍者GKING二代青轴奶白色 键盘
2089,斐尔可忍者87圣手二代红色红轴 键盘
2090,斐尔可忍者87圣手二代红色茶轴 键盘
2091,斐尔可忍者87圣手二代红色青轴 键盘
2092,斐尔可忍者87圣手二代红轴黄金侧刻印  键盘
2093,斐尔可忍者87圣手二代黄金红轴  键盘
2094,斐尔可忍者87圣手二代黄金茶轴 键盘
2095,斐尔可忍者87圣手二代黑茶轴键盘
2096,新加坡CARD?Phone?NEW?CM1四代轻薄信用卡式手机
2097,新年小欧零钱包 OPPO手机 132×186×30
2098,新秀丽电脑双肩包SN-113E(663*09008)
2099,新骏定制鼠标垫
2100,方形UFO蓝牙旋转发光音箱
2101,无线鼠标
2102,星球大战 3D立体白兵手机壳 苹果iPhone6/6s iPhone6/6s
2103,星球大战 3D立体白兵手机壳 苹果iPhone6plus 6plus
2104,智能情感蓝牙投影音箱氛围灯
2105,暴风魔镜4 iphone版
2106,极米1.8米HDMI2.0高清数据线
2107,桌布鼠标垫
2108,棕-HUAWEI MateBook 二合一键盘-美式布局-美式按键丝印
2109,橙-HUAWEI MateBook 二合一键盘-美式布局-美式按键丝印
2110,水星LOGO定制手机环形扣
2111,汇泽平板电脑
2112,洛克 iphone5s 抗蓝光钢化膜（能良自采）
2113,洛克 iphone6 4.7寸抗蓝光钢化膜（能良自采）
2114,洛克 iphone6 4.7寸钢化膜（能良自采）
2115,洛克 iphone6P 5.5寸 防尘塞版 隐形套（能良自采）
2116,洛克 iphone6P 5.5寸抗蓝光钢化膜（能良自采）
2117,海尔M319手机（金色）
2118,海盗船 . Sabre RGB Optical 光电鼠标 鼠标(8200DPI/幻彩/CH-9000056-AP)
2119,海盗船 .. K70RGB红轴 键盘
2120,海盗船 K65  机械键盘(无光/红轴/CH-9000040-CN)
2121,海盗船 K65 RGB  机械键盘(红轴/CH-9000072-CN)
2122,海盗船 K65 RGB 机械键盘(银轴/CH-9000072-CN)
2123,海盗船 K70 LUX RGB 机械键盘(红轴/CH-9101010-CN)
2124,海盗船 K70 LUX RGB 机械键盘(茶轴/CH-9101012-CN)
2125,海盗船 K70 LUX RGB 机械键盘(青轴/CH-9101011-CN)
2126,海盗船 K70 LUX RGB-0 机械键盘(茶轴)
2127,海盗船 K70 LUX RGB-1 机械键盘(茶轴/CH-9101012-CN)
2128,海盗船 K70 RGB  机械键盘(红轴/CH-9000119-NA-3)
2129,海盗船 K70 RGB  机械键盘(茶轴/CH-9000119-NA-2)
2130,海盗船 K70 RGB  机械键盘(银轴/CH-9101014-CN)
2131,海盗船 K70 RGB LUX 机械键盘(青轴/CH-9101011-CN)
2132,海盗船 K70 RGB-1 机械键盘(银轴)
2133,海盗船 K70 机械键盘 (红轴/黑色/红光/CH-9000114-NA)
2134,海盗船 K70 机械键盘(红轴/黑色/红光/CH-9000114-NA)
2135,海盗船 K70 机械键盘(红轴/黑色/红光/CH-900516-CN)
2136,海盗船 K70 机械键盘(红轴/黑色/蓝光/LUX版/CH-9101030-CN)
2137,海盗船 K70 机械键盘(红轴/黑色/蓝光/LUX版/CH-9101030C-N)
2138,海盗船 K70 机械键盘(茶轴/黑色/红光/CH-9000067-CN-3)
2139,海盗船 K70 机械键盘(银轴/黑色/红光/CH-9000067-CN)
2140,海盗船 K70 机械键盘(青轴/黑色/红光/CH-9000518-CN)
2141,海盗船 K95 RGB  机械键盘(红轴/CH-9000082-CN)
2142,海盗船 K95 RGB  机械键盘(茶轴/CH-9000221-NA-2)
2143,海盗船 K95 RGB 机械键盘(青轴/CH-9000534-CN)
2144,海盗船 KATAR 有线鼠标 鼠标
2145,海盗船 LUX K65 RGB 机械键盘(红轴/CH-9000072-CN LUX)
2146,海盗船 LUX K70 机械键盘(红轴/黑色/红光/CH-9101020-CN)
2147,海盗船 LUX K70 机械键盘(茶轴/黑色/红光/CH-9101022-CN)
2148,海盗船 LUX K70 机械键盘(青轴/黑色/红光/CH-9101021-CN)
2149,海盗船 M45 激光鼠标 鼠标(黑色/CH-9000052-AP)
2150,海盗船 M65 PRO RGB 鼠标(白色/12000DPI/CH-9300111-CN)
2151,海盗船 M65 PRO RGB 鼠标(黑色/12000DPI/CH-9300011-CN)
2152,海盗船 M65 RGB 激光鼠标 鼠标(白色)
2153,海盗船 M65 RGB 激光鼠标 鼠标(黑色)
2154,海盗船 M65 激光鼠标 鼠标( 黑色 )
2155,海盗船 MM200S 鼠标垫
2156,海盗船 MM600S 鼠标垫
2157,海盗船 MM800 鼠标垫(350mm*260mm*5mm/CH-9440020-CN)
2158,海盗船 Raptor系列 HS30 耳机
2159,海盗船 SCIMITAR RGB 执法者 鼠标(多彩光学游戏鼠标/CH-9000091-AP)
2160,海盗船 STRAFE/惩戒者 RGB 机械键盘(静音轴/CH-9000530-CN)
2161,海盗船 Sabre RGB Laser 激光游戏 鼠标(8200DPI/幻彩/CH-9000090-AP)
2162,海盗船 Sabre RGB Optical 光电游戏 鼠标(8200DPI/幻彩/CH-9000056-AP)
2163,海盗船 Sabre RGB Optical 光电游戏鼠标(8200DPI/幻彩/CH-9000056-AP)
2164,海盗船 天行者 VOID SE 7.1  耳机(无线/黄色特别版)
2165,海盗船 天行者 VOID USB 7.1 耳机(USB 接口)
2166,海盗船 天行者 VOID USB 7.1 耳机(白色/USB 接口)
2167,海盗船 天行者 Void Wireless 7.1 耳机(无线)
2168,海盗船 惩戒者/STRAFE  机械键盘(红光/红轴/CH-9000505-CN)
2169,海盗船 惩戒者/STRAFE RGB 机械键盘(红轴/CH-9000531-CN)
2170,海盗船 惩戒者/STRAFE RGB 机械键盘(茶轴/CH-9000504-CN)
2171,海盗船 惩戒者/STRAFE RGB 机械键盘(青轴/CH-9000527-CN)
2172,海盗船 惩戒者/STRAFE RGB机械键盘(青轴/CH-9000527-CN)
2173,海盗船 惩戒者/STRAFE 机械键盘(红光 青轴/CH-9000529-CN)
2174,海盗船 惩戒者/STRAFE 机械键盘(红光/红轴/CH-9000505-CN)
2175,海盗船 惩戒者/STRAFE 机械键盘(红光/茶轴/CH-9000500-CN)
2176,海盗船 惩戒者/STRAFE 机械键盘(红光/青轴/CH-9000529-CN)
2177,海盗船 机械键盘
2178,海盗船 键帽 机械键盘键帽  键帽套装(104键 )
2179,海盗船MM200E鼠标垫
2180,海盗船MM5000E鼠标垫
2181,海盗船MM5000S鼠标垫
2182,海盗船定制超长鼠标垫
2183,海盗船键盘包
2184,海盗船（ Corsair Gaming） K70 RGB 幻彩背光机械游戏键盘 黑色（红轴）
2185,深咖啡杜克提花双肩电脑背包AS12H008
2186,清华同方 3G通话多维智能平板电脑金色4GB或白色8GB
2187,清华同方平板电脑E960 （9寸平板）
2188,渐变键盘膜AIR/PRO/RETINA通用 蓝色
2189,游戏手柄手机支架
2190,滑盖音乐手机
2191,漫猫投影手机-M8    香槟金
2192,漫猫投影手机M8专用钢化膜
2193,漫猫投影手机专用支架-MZ101香槟金
2194,漫猫蓝牙音箱-MY301    香槟金
2195,灵眸OSMO手持云台相机（中国）
2196,灵眸手机云台
2197,炫彩几何手机保护壳 for 苹果iPhone 7 Plus
2198,爱丽丝 USB多用迷你小风扇【天空蓝】
2199,爱丽丝 USB多用迷你小风扇【苹果绿】
2200,爱拍ASNAP 夜拍自拍神器 手机美颜补光灯
2201,爽仔手机支架-京东版
2202,爽仔手机支架-天猫版
2203,爽仔手机支架-微店版
2204,牛皮手提电脑包黑色
2205,特卖场  5代豪金手机
2206,特卖场 荣事达平板电脑（土豪金）
2207,特卖场 韩国现代7寸平板电脑（白色）1部
2208,独立包装-黑-HUAWEI MateBook 二合一键盘-美式布局
2209,猎奇 LQ-016 智能手机通用外置镜头 黑色
2210,猎奇LQ-011 智能手机通用三合一镜头
2211,猎奇LQ-011手机镜头
2212,玫瑰金安卓数据线（1.5米）
2213,电子汽车电话
2214,电脑全自动洗衣机
2215,电话卡
2216,电话机|飞利浦|CORD 042|白
2217,畅享5 电信4G智能手机
2218,畅享5S 全网通4G手机 银色
2219,白米手机白
2220,白米手机金
2221,白米手机黑
2222,相机形状卡套
2223,磁吸式车载支架/USB车充
2224,磁性车载手机支架
2225,禅思 X5 航拍相机
2226,禅思 X5R 云台相机 (不含镜头)
2227,禅思 X5R 航拍相机
2228,禅思 X5S 云台相机
2229,禅思 Z3 云台相机
2230,禅思X3变焦相机
2231,移动硬盘赠品大礼包 移动硬盘包+LED随身灯+大白钥匙扣+懒人手机支架
2232,竹韵耳机防缠绕 重低音炮 立体声
2233,笔记本电脑双肩休闲商务背包1163
2234,精灵 iPhone 6 Plus 手机壳 (皮质)
2235,精灵 iPhone 6 手机壳 (皮质)
2236,精灵 iPhone 7 Plus 手机壳 (皮质)
2237,精灵 iPhone 7 手机壳 (皮质)
2238,索尼 SONY DSC-RX100 M4 黑卡数码相机 等效24-70mm F1.8-2.8蔡司镜头（WIFI/NFC)
2239,索尼(SONY) E6533 Z3+ 双卡双待 防水防尘 八核 夜拍双4G手机香槟金
2240,索尼MDR-100ABN无线降噪立体声耳机
2241,索尼（SONY） 运动型挂耳式耳机
2242,红米 Note3 高配版 手机 3G+ 32G 全网通 红米note3 银色
2243,红米 Note3 高配版 手机 3G+32G 全网通 红米note3 金色
2244,红米手机3S 全网通版经典 深灰（16GB）
2245,红米手机3S全网通高配版3GB内存32GB经典银白
2246,红魔耳机
2247,终端配件-独立包装-黑-HUAWEI MateBook 二合一键盘-美式布局-美式按键丝印-中文通用包装-终端专用
2248,终端配件-蓝牙耳机-AM07/CSR8610/BT 4.1/支持A2DP/Micro-USB充电接口-配件/二合一纸盒包装/灰色/锂聚合物电池-中国区用
2249,维肯 CSR芯片蓝牙耳机
2250,绿巨能 2代 micro磁吸数据线 （香槟金）（1线1头）
2251,绿巨能 2代 苹果磁吸数据线 （银色）（1线1头）86-009
2252,绿巨能 IBM T430 T430i 9芯 笔记本电脑电池8400mah
2253,绿巨能 type-c 超薄适配器 14.5V-2A 12寸29W 带USB接口白色
2254,绿巨能 安卓苹果5/6二合一两用数据线 金属头 75-030
2255,绿巨能 笔记本键盘膜 11寸白色
2256,绿巨能 笔记本键盘膜 pro 13寸彩色
2257,绿巨能 笔记本键盘膜 pro 13寸白色
2258,绿巨能 联想 Thinkpad 20V 3.25A/4.5A针口(车载)电源适配器(带双USB口)
2259,绿巨能磁力吸附数据线(安卓版)
2260,绿巨能磁力吸附数据线(苹果版)
2261,编织防缠绕耳机（蓝）
2262,网易严选 韩式帆布电脑双肩包
2263,网易双子星蓝牙音箱白色
2264,网易双子星蓝牙音箱黑色
2265,网易安卓快充数据线1米
2266,网易快充苹果数据线1米
2267,罗技 G213 游戏键盘
2268,罗技 G231 耳机
2269,罗技 G610 茶轴键盘
2270,罗技 G610红轴 键盘
2271,罗技 G610青轴 键盘
2272,罗技 G910二代 键盘
2273,罗技 G系列键盘包
2274,罗技 Logitech M570 火星轨迹球鼠标
2275,罗技 Logitech 无线便携鼠标MX Anywhere2 蓝牙优联双模式
2276,罗技 无线蓝牙鼠标M337
2277,罗技G300S鼠标
2278,罗技G302鼠标
2279,罗技G303鼠标
2280,罗技G310键盘
2281,罗技G402鼠标
2282,罗技G403双模 鼠标
2283,罗技G403有线 鼠标
2284,罗技G810键盘
2285,罗技G手机支架
2286,罗技G系列超长细面鼠标垫800*300
2287,罗技K380键盘包
2288,罗技K380键盘蓝色
2289,罗技K380键盘黑色
2290,罗技K480键盘白色
2291,罗技K480键盘膜
2292,罗技K480键盘黑色
2293,罗技M337鼠标包
2294,罗技M337鼠标红色
2295,罗技M337鼠标黑色
2296,罗技绝胜科技超长游戏鼠标垫
2297,罗技蓝牙鼠标M557
2298,罗技（Logitech） M557 多平台连接蓝牙无线鼠标
2299,罗技（Logitech）K480 多功能蓝牙键盘
2300,美国队长酷炫手机壳 iphone6 plus/6s plus
2301,美国队长酷炫手机壳 iphone6/6s
2302,美图   MeituFamily潮趣手机壳 M6适用 太空柠檬款 印花
2303,美图   MeituFamily潮趣手机壳 M6适用 小龙包鸡款 印花
2304,美图 M4s 移动联通双4G 手机(64G ROM) 标配版玫瑰白
2305,美图 M6 Hello Kitty特别版 手机 粉色 3G+64G 全网通
2306,美图 M6S 手机 樱花粉 6G+64G 全网通
2307,美图 M6S 标准版 手机 月光白 4G+64G 全网通
2308,美图 M6S 标准版 手机 樱花粉 4G+64G 全网通
2309,美图 M6S 标准版 手机 薄荷绿 4G+64G 全网通
2310,美图 M6手机 Hellokity版全网通白色 白色 64G Hellokity版全网通
2311,美图 M6（3G+64G）月光白全网通版手机 月光白 3G+64G 全网通
2312,美图 M6（3G+64G）樱花粉全网通版手机 樱花粉 3G+64G 全网通
2313,美图 V4S 雅致版 手机 爱丁堡蓝 3+128G 公开版
2314,美图 原装数据线（能良自采）
2315,美图(Meitu) 美图秀秀 美图M4 移动/联通4G 美颜自拍手机 M4(2G RAM+32G ROM) 炫目红
2316,美图M6 USB type-c 数据线
2317,美图M6手机数据线-白色
2318,美图V4s高透手机壳-高透
2319,美图V4手机数据线（成品包装）
2320,美图手机专属耳机 白色 入耳式 有线3.5mm
2321,美图手机专属耳机-白色
2322,美图手机真皮保护套-薄荷绿
2323,美孚 手机支架
2324,美的电脑式电饭煲 MB-FS506C
2325,美的电脑式电饭煲 MB-WFS4017TM
2326,美的电脑式电饭煲 MB-WFS4065
2327,美赞臣-赠品-喜气洋洋电话学习车
2328,美逸 荣耀6X钢化膜 全屏覆盖手机保护贴膜 白色
2329,美逸 荣耀6X钢化膜 全屏覆盖手机保护贴膜 黑色
2330,美逸 荣耀6X钢化膜 全屏覆盖紫蓝光手机保护贴膜 白色
2331,美逸 荣耀6X钢化膜 全屏覆盖紫蓝光手机保护贴膜 黑色
2332,美逸 荣耀8全屏覆盖紫蓝光钢化膜 手机保护贴膜 幻夜黑
2333,美逸 荣耀8全屏覆盖紫蓝光钢化膜 手机保护贴膜 流光金
2334,美逸 荣耀8全屏覆盖紫蓝光钢化膜 手机保护贴膜 珠光白
2335,美逸 荣耀8全屏覆盖紫蓝光钢化膜 手机保护贴膜 魅海蓝
2336,美逸 荣耀8全屏覆盖钢化膜 手机保护贴膜 幻夜黑
2337,美逸 荣耀8全屏覆盖钢化膜 手机保护贴膜 流光金
2338,美逸 荣耀8全屏覆盖钢化膜 手机保护贴膜 珠光白
2339,美逸 荣耀8全屏覆盖钢化膜 手机保护贴膜 魅海蓝
2340,美逸 荣耀V8紫蓝光钢化膜手机保护贴膜 全覆盖钢化膜 土豪金
2341,美逸 荣耀V8紫蓝光钢化膜手机保护贴膜 全覆盖钢化膜 白色
2342,美逸 荣耀V8钢化膜手机保护贴膜 全覆盖钢化膜 土豪金
2343,美逸 荣耀V8钢化膜手机保护贴膜 全覆盖钢化膜 玫瑰金
2344,美逸 荣耀V8钢化膜手机保护贴膜 全覆盖钢化膜 白色
2345,美逸 荣耀V8钢化膜手机保护贴膜 全覆盖钢化膜 黑色
2346,耐翔 K5 多功能手机支架 金色（指环版）
2347,耐翔 K5 多功能手机支架 金色（车载版）
2348,耐翔 M9 多功能手机支架 银色（指环款）
2349,耐翔 M9 多功能手机支架 银色（车载版）
2350,耐翔 NAENY S6 双耳音乐运动蓝牙耳机（黑色）
2351,耐翔 NAENY 蜂巢 4.0蓝牙 迷你通用耳机（白色）
2352,耐翔 NAENY 蜂巢 4.0蓝牙 迷你通用耳机（黑色）
2353,耐翔 USB3.0 安卓手机U盘 2016款 32GB （金猴献瑞）
2354,耐翔 USB3.0 安卓手机U盘 2016款 64GB （银色）
2355,耐翔（NAENY）X10 智能情感灯音响 创意无线蓝牙音箱 温馨氛围（白色）
2356,耳机-白色
2357,耳机袋
2358,耳机转接线，白色，联韵
2359,联想 Lenovo YOGA 900 13.3英寸 触控超极笔记本电脑  (YOGA4 PRO)（i5-6200U 4G 256G SSD win10）
2360,联想 ThinkPad 轻薄系列E550C（013CD）15.6英寸笔记本电脑
2361,联想ThinkPad T46014英寸超薄商务办公笔记本电脑超极本
2362,联想ThinkPad 超薄无线键盘鼠标套装
2363,联想包鼠标
2364,联想手机 K10 白色
2365,联想手机 K10 黑色
2366,联想手机 P2 伯爵金
2367,联想手机 P2 深空灰
2368,联想轻薄系列E450(20DCA082CD)14英寸笔记本电脑
2369,联想（Lenovo） Z40-70 14.0英寸笔记本电脑 时尚黑
2370,联想（Lenovo） Z50-70 15.6英寸笔记本电脑 白色 i5处理器
2371,联想（Lenovo）拯救者 ISK（i5-6300HQ 8G 1T HDD GTX960M 4G独显 FHD IPS屏 黑）15.6英寸游戏笔记本电脑 15.6英寸 8G 1T GTX960M
2372,联通电话卡
2373,聚上汇  瑞士军刀全方位休闲包（电脑双肩背包＋腰包）
2374,聚上汇 新荣事达平板电脑498（白色）
2375,聚上汇 荣事达平板电脑(白色)
2376,胜为（shengwei）VC-4018 VGA延长线 vga公对母高清延长线 1.8米 电脑显示器连接线 电脑电视连接线
2377,自有 华狐京东 鼠标垫
2378,自有 绿联USB声卡 礼品库
2379,自由兵S系特勤单/双肩电脑包泥色
2380,自由兵S系特勤单/双肩电脑包黑色
2381,自由兵USB小灯黑色
2382,自由兵相机云台（含接头）枪灰色
2383,自由兵相机内胆包泥色
2384,自由兵相机内胆包泥色-套装款
2385,艾奔2015双肩电脑包AS-B39
2386,艾奔三条杠电脑背包轻便版AS-B06ST-18
2387,艾奔双肩电脑背包AS-B08
2388,艾奔双肩电脑背包AS-B09
2389,艾奔双肩电脑背包AS-B26S-18.5
2390,艾奔双肩电脑背包AS-B26S-19.5
2391,艾奔双肩电脑背包AS-B36-20.5
2392,艾奔圆点双肩电脑背包18寸AS-B13
2393,艾奔圆点双肩电脑背包19寸AS-B13
2394,艾奔潮流双肩电脑包AS-B33
2395,艾奔高档电脑双肩包AS-B26
2396,艾奔黑色双肩电脑背包AS-B28
2397,花蕾USB随身风扇（不含底座）
2398,英雄联盟鼠标垫
2399,苹果 MacBook Air MD711CH/B 11.6英寸宽屏笔记本电脑 银色 4GB 11英寸
2400,苹果 MacBook Air MD760CH/B 13.3英寸宽屏笔记本电脑 银色 4GB 13英寸
2401,苹果 iPad Air2  32GB WLAN版平板电脑
2402,苹果 iPhone 5s 4G手机 16G 公开4G版 A1530 灰色
2403,苹果 iPhone 5s 4G手机 16G 公开4G版 A1530 金色
2404,苹果 iPhone 5s 4G手机 16G 公开4G版 A1530 银色
2405,苹果 iPhone SE 全网通16GB版4G手机
2406,苹果 iPhone5 原装耳机白色(能良自采)
2407,苹果 ipad pro-32Gwifi版平板电脑（玫瑰金）
2408,苹果 ipad pro-32Gwifi版平板电脑（金色）
2409,苹果 iphone5S 16GB公开版 金色
2410,苹果(Apple) MGTX2CH/A iPad Air 2 128GB 灰 平板电脑 灰 128G WIFI
2411,苹果(Apple) MGTY2CH/A iPad Air 2 128GB 银 平板电脑 银 128G WIFI
2412,苹果(Apple) MH1J2CH/A iPad Air 2 128GB 金 平板电脑 金 128G WiFi
2413,苹果(Apple) MNY12CH/A iPad mini 4 32GB 灰 平板电脑 灰 32G WIFI
2414,苹果(Apple) MNY22CH/A iPad mini 4 32GB 银 平板电脑 银 32G WIFI
2415,苹果(Apple) MNY32CH/A iPad mini 4 32GB 金 平板电脑 金 32G WIFI
2416,苹果(Apple) iPhone7 128G版 4G手机
2417,苹果(Apple) iPhone7 256G版 4G手机
2418,苹果(Apple) iPhone7 32G版 4G手机
2419,苹果(Apple) iPhone7 Plus 32G版 4G手机
2420,苹果(Apple)ipadAir2-64Gwifi版平板电脑
2421,苹果(Apple)iphoneSE-16G全网通
2422,苹果(Apple)iphoneSE-16G全网通4G手机
2423,苹果(Apple)iphoneSE-64G全网通（金色）
2424,苹果5 原装数据线苹果5 原装数据线-白色（能良自采）
2425,苹果6ps手机壳（北京电商）
2426,苹果Apple iPhone 6S 4G手机 深空灰 32GB 全网通
2427,苹果Apple iPhone 6S 4G手机 玫瑰金 32GB 全网通
2428,苹果Apple iPhone 6S 4G手机 金色 32GB 全网通
2429,苹果Apple iPhone 6S 4G手机 银色 32GB 全网通
2430,苹果Apple iPhone 6S 4G手机深空灰32GB全网通
2431,苹果Apple iPhone 6S 4G手机玫瑰金32GB全网通
2432,苹果Apple iPhone 6S 4G手机金色32GB全网通
2433,苹果Apple iPhone 6S 4G手机银色32GB全网通
2434,苹果Apple iPhone 6S Plus 4G手机 深空灰 32GB 全网通
2435,苹果Apple iPhone 6S Plus 4G手机 玫瑰金 32GB 全网通
2436,苹果Apple iPhone 6S Plus 4G手机 金色 32GB 全网通
2437,苹果Apple iPhone 6S Plus 4G手机 银色 32GB 全网通
2438,苹果Apple iPhone 6S Plus 4G手机深空灰32GB全网通
2439,苹果Apple iPhone 6S Plus 4G手机玫瑰金32GB全网通
2440,苹果Apple iPhone 6S Plus 4G手机金色32GB全网通
2441,苹果Apple iPhone 6S Plus 4G手机银色32GB全网通
2442,苹果Lighting数据线
2443,苹果iPhone5S-16G 移动联通双4G手机（金色）
2444,苹果iPhone5S-16G移动联通双4G手机（银色）
2445,苹果iPhone6 16GB全网通4G手机 老款4.7（星空灰）
2446,苹果iPhone6 Plus-64GB全网通4G手机（金色）
2447,苹果iPhone6 plus-16GB全网通4G手机（金色）
2448,苹果iPhone6S全网通128GB版4G手机 （ 银色）
2449,苹果iPhone6s-16GB全网通4G手机（灰色）
2450,苹果iPhone6s-16GB全网通4G手机（玫瑰金）
2451,苹果iPhone6s-16GB全网通4G手机（金色）
2452,苹果iPhone6s-16GB全网通4G手机（银色）
2453,苹果iPhone6s-16G全网通4G手机
2454,苹果iPhone6s-64G全网通4G手机
2455,苹果iPhone6s-plus 16G全网通4G手机（送三合一设备）（灰色）
2456,苹果iPhone6s-plus-16G全网通4G手机
2457,苹果iPhone7 全网通4G手机 32GB （玫瑰金）
2458,苹果iPhone7-128G全网通4G手机
2459,苹果iPhone7-128G全网通4G手机（金色）
2460,苹果iPhone7plus-32G全网通4G手机
2461,苹果iphone6S PLUS 公开版 16GB 玫瑰金
2462,苹果iphone6S 公开版 16GB 玫瑰金
2463,苹果iphone6S 公开版 32GB 灰色
2464,苹果macbook?12寸?256G?笔记本电脑
2465,苹果【透明硅胶】键盘膜 13-17通用
2466,苹果【透明硅胶】键盘膜 Air11
2467,苹果【透明硅胶】键盘膜 Macbook12寸
2468,苹果半彩键盘膜 【13-17寸】大红
2469,苹果半彩键盘膜 【13-17寸】橙色
2470,苹果半彩键盘膜 【13-17寸】玫红
2471,苹果半彩键盘膜 【13-17寸】白色
2472,苹果半彩键盘膜 【13-17寸】粉红
2473,苹果半彩键盘膜 【13-17寸】粉蓝
2474,苹果半彩键盘膜 【13-17寸】银色
2475,苹果半彩键盘膜 【13-17寸】黑色
2476,苹果半彩键盘膜 【Air 11.6】白色
2477,苹果半彩键盘膜 【Air 11.6】粉红
2478,苹果半彩键盘膜 【Air 11.6】黑色
2479,苹果电脑 防尘塞 绿色 air
2480,苹果电脑 防尘塞 绿色★Pro
2481,苹果电脑 防尘塞 黑 Retina/Air 通用
2482,苹果电脑 防尘塞 黑色★Pro
2483,苹果电脑 防尘塞粉色   Retina/Air通用
2484,苹果电脑 防尘塞红色   Retina/Air通用
2485,苹果电脑防尘塞 白色 Retina/Air 通用
2486,苹果电脑防尘塞 透白 Retina/Air 通用
2487,苹果笔记本电脑
2488,苹果笔记本电脑键盘膜 AIR 13寸 彩色
2489,苹果编织数据线10英尺橙红
2490,苹果编织数据线10英尺蓝色
2491,苹果编织数据线10英尺青色
2492,苹果编织数据线3英尺橙红
2493,苹果编织数据线3英尺青色
2494,苹果编织数据线6英尺黄色
2495,苹果（APPLE）iPhone 6  4G手机 64G 公开版A1586 金色
2496,苹果（Apple） MacBook Air 11.6英寸宽屏笔记本电脑 128GB  银色
2497,苹果（Apple） MacBook Pro 13.3寸宽屏笔记本电脑 256GB  银色
2498,苹果（Apple） MacBook Pro 13.3寸宽屏笔记本电脑 银色 128GB
2499,范德安手机防水袋
2500,荣耀 V8 数据线
2501,荣耀 V8 蓝牙耳机
2502,荣耀 honor 半入耳式耳机 线控 带麦（白色）
2503,荣耀 畅玩6X 4G手机 冰河银 4GB+64GB 全网通尊享版
2504,荣耀 畅玩6X 4G手机 铂光金 4GB+64GB 全网通尊享版
2505,荣耀8手机壳打印版
2506,荣耀半入耳式耳机
2507,荣耀半入耳式耳机（赠品）
2508,荣耀引擎耳机 灰色
2509,荣耀引擎耳机plus
2510,荣耀手机壳打印版
2511,荣耀耳机 白色
2512,荣耀（honor）荣耀8手机 全网通新品 珠光白 3G+32G
2513,荷兰 Allocacoc 魔方创意插座基本 USB款 2个USB接口4个插面
2514,董博士10寸平板电脑
2515,董博士8寸平板电脑
2516,蓝牙免提音箱 洛可可粉
2517,蓝牙手机自拍杆 WS-SQB916
2518,蓝牙耳机
2519,蓝牙耳机 QCY Q25 白
2520,蓝牙耳机-石墨黑
2521,蓝牙耳机黑色（捷波朗mini）
2522,蓝牙运动耳机/粉
2523,蓝牙运动耳机/蓝
2524,蓝牙运动耳机/黑
2525,蓝牙运动耳机B10
2526,薰衣草小熊蓝牙音箱
2527,虎牌微电脑多功能电饭煲JAW-A10C
2528,融合-华为 AM116耳机
2529,融合-华为 多彩蓝牙耳机_白色
2530,融合-华为 多彩蓝牙耳机_黑色
2531,融合-华为原装type-c 数据线
2532,融合-华为原装数据线2A
2533,裸-HUAWEI MateBook 二合一键盘-美式布局-美式按键丝印
2534,西伯利亚100 耳机
2535,西伯利亚150 耳机
2536,西伯利亚200 耳机 白色
2537,西伯利亚200 耳机 红色
2538,西伯利亚350 耳机 白色
2539,西伯利亚350 耳机 黑色
2540,西伯利亚v1 耳机 白色
2541,西伯利亚v1 耳机 红色
2542,西伯利亚v1 耳机 黑色
2543,西伯利亚v1 耳机 黑金
2544,西伯利亚v2 霜冻之蓝版 耳机
2545,西部数据（WD） My Passport Ultra USB3.0 1TB 超便携移动硬盘
2546,观 Y-119耳机（1）
2547,诺基亚N1 平板电脑 WiFi 32GB 天然铝灰色
2548,豆芽耳机包装版白色
2549,赛睿 Apex 400 键盘
2550,赛睿 Apex 500 键盘
2551,赛睿 Rival 700 鼠标
2552,赛睿 qck mass黑色 鼠标垫
2553,赛睿Apex 300键盘
2554,赛睿Apex 350键盘
2555,赛睿KINZU V3白色 鼠标
2556,赛睿SIBERIA V2 HEADSET耳机黑色
2557,赛睿Sensei鼠标RAW类肤版
2558,赛睿Sensei鼠标RAW霜冻之蓝版
2559,赛睿耳机架
2560,赛睿西伯利亚200耳机白色
2561,赛睿西伯利亚200耳机紫色
2562,赛睿西伯利亚200耳机红色
2563,赛睿西伯利亚200耳机绿色
2564,赛睿西伯利亚200耳机质子黄
2565,赛睿西伯利亚200耳机魔力金
2566,赛睿西伯利亚棱镜LOL耳机白色
2567,赠品 LYB线控耳机（能良自采）
2568,赠品 PICO 鼠标垫
2569,赠品 手机外置 广角镜头（能良自采）
2570,赠品 手机拍照美颜补光灯（能良自采）
2571,赠品 手机指环扣（能良自采）
2572,赠品 手机触摸屏手套 (能良自采）
2573,赠品 美图耳机 (能良自采)
2574,赠品 耳机
2575,赠品 能良手机托架（能良自采）
2576,赠品 蓝牙耳机（能良自采）
2577,赠品 锤子 M1L手机壳（能良自采）
2578,赠品 锤子 M1手机壳（能良自采）
2579,赠品鼠标垫
2580,赠品：可旋转USB
2581,赠品：联通电话卡
2582,赠品：荣耀 honor 半入耳式耳机 线控 带麦（白色）
2583,趣味音乐手机
2584,车载手机支架
2585,运动耳机（霓虹绿）
2586,迷你便携式果冻可爱蓝牙音箱（蓝黄红随机）
2587,迷你触控蓝牙鼠标
2588,通用 SOH3503立体声多媒体耳机（OMTP_白）
2589,通用 SOH3503立体声多媒体耳机（OMTP_黑）
2590,通用USB充电头 白色
2591,通用USB充电头 黑色
2592,通用USB数据线+通用USB充电头 白色
2593,通用USB数据线+通用USB充电头 黑色
2594,通用键盘膜
2595,邦克仕 iphone6/6s OKR＋0.3mm钢化膜（能良自采）
2596,配件-COOL1手机贴皮保护套 金色
2597,配件-iphone6S plus 钢化膜
2598,配件-type-C 数据线（随机发）
2599,配件-一拖三数据线
2600,配件-三星BHM1350 蓝牙耳机
2601,配件-乐视 type-c 耳机
2602,配件-乐视 反戴式入耳耳机 颜色随机
2603,配件-乐视手机 乐视1 硅胶套
2604,配件-乐视手机 乐视1 钢化膜
2605,配件-华为原装耳机AM110_赠
2606,配件-华为小天鹅蓝牙免提音箱 AM08（红色包装/套餐/赠品）
2607,配件-华为金属半入耳式 耳机 AM116
2608,配件-安卓数据线
2609,配件-小米活塞耳机 炫彩版 白色
2610,配件-小米活塞耳机 炫彩版 黑色
2611,配件-手机11件礼品套装
2612,配件-手机挂绳
2613,配件-手机游戏手柄
2614,配件-歌耳乐 008耳机
2615,配件-歌耳乐803耳机（颜色随机）
2616,配件-潘多拉 type-C 数据线
2617,配件-苹果 iphone5S 硅胶套
2618,配件-苹果 iphone5S 钢化膜
2619,配件-苹果iphone6 plus 硅胶套
2620,配件-苹果iphone6 plus 贴膜
2621,配件-苹果iphone6 硅胶套
2622,配件-苹果iphone6 贴膜（前后膜各一张）
2623,配件-苹果iphone6 钢化膜
2624,配件-莱讯A8 蓝牙耳机
2625,配件-酷派 C86-C1半入耳式耳机 金色
2626,配件-魅族EP-21HD原装耳机-白色
2627,配件-魅族EP-31原装耳机 银色
2628,配件-魅族EP-51原装耳机 黑红色
2629,酷冷 XT青轴侧刻 键盘(SGK-4030-GKCL4-US)
2630,酷冷 烈焰枪MK PRO RGB108红轴 键盘
2631,酷冷 烈焰枪MK PRO RGB87红轴 键盘
2632,酷冷 烈焰枪MK PRO RGB87茶轴 键盘
2633,酷奇-多功能散热器白色-旗舰版【4个USB接口】
2634,酷奇-多功能散热器白色-精英版【2个USB接口】
2635,酷奇-多功能散热器黑色-精英版【2个USB接口】
2636,酷派 Cool1 桀骜银 3G+32G 【会员版】 全网通手机
2637,酷派 Cool1 桀骜银 3G+32G 【会员版】 全网通手机桀骜银3G+32G全网通版
2638,酷派手机
2639,金国宏手机绿
2640,金国宏手机黑
2641,金士顿 Kingston 64GB USB3.0 金属U盘
2642,金立S5全网通手机 玫瑰金
2643,金立S5全网通手机 耀金
2644,金立手机F103B 全网通椰子白
2645,金立手机M5Plus 全网通岁月金64G
2646,金立手机M6 PLUS 全网通 香槟金4GB+128GB
2647,金立手机M6 Plus全网通香槟金4GB+64GB
2648,金立手机M6 全网通摩卡金128G
2649,金立手机M6 全网通香槟金64G
2650,金立手机S6PRO耀金
2651,金立手机S8 全网通闪耀金64G
2652,金立手机S9全网通玫瑰金4GB+64GB
2653,金立手机S9全网通金色4GB+64GB
2654,金立手机V580 移动联通黑色
2655,金立手机W909 全网通爵士金64G
2656,金立手机金钢3+16 全网通金色16G
2657,鑫意达 IBE04蓝牙运动耳机绿色(能良自采)
2658,鑫意达 金属桌面手机支架（能良自采）
2659,钢铁侠酷炫手机壳 iphone6 plus/6s plus
2660,钢铁侠酷炫手机壳 iphone6/6s
2661,锁边鼠标垫（小）
2662,锤子 M1（SM901）4GB+32GB版 全网通4G手机 双卡双待 全金属边框
2663,锤子 Smartisan T2 32GB 移动联通电信4G手机
2664,键盘|双飞燕|KB-8|USB
2665,键盘开店宝
2666,闪迪 sandisk 至尊高速USB3.0闪存盘 128G U盘
2667,闪迪(SanDisk) 酷铄(CZ73) USB3.0 金属U盘 64GB 读150MB/秒
2668,闪迪至尊极速USB3.0 32GB
2669,阿迪达斯头戴式 Originals 魔声耳机
2670,雷柏鼠标
2671,雷柏鼠标垫
2672,雷神 911-S1g 15.6英寸便携式电脑
2673,雷神耳机H30
2674,雷神鼠标套装
2675,雷蛇 北海巨妖专业版2015黑 耳机
2676,雷蛇 北海巨妖标准版2016黑色 耳机
2677,雷蛇 噬魂金蝎终极版 键盘
2678,雷蛇 堡垒神蛛 键盘
2679,雷蛇 战神-无线游戏耳机 耳机
2680,雷蛇 战神竞技守望先锋定制耳机 耳机
2681,雷蛇 战锤狂鲨专业版V2 耳机
2682,雷蛇 那伽梵蛇六芒星V2 鼠标
2683,雷蛇 雷蛇炼狱蝰蛇守望先锋幻彩版 鼠标
2684,雷蛇 雷蛇雨林狼蛛幻彩版 键盘
2685,雷蛇 雷蛇黑寡妇蜘蛛守望先锋幻彩版 键盘
2686,雷蛇 黑寡妇2016潜行版 橙轴 键盘
2687,雷蛇 黑寡妇竞技LGD定制版 白色 键盘
2688,雷蛇2013速度版中号鼠标垫
2689,雷蛇利维坦巨兽音箱
2690,雷蛇利维坦迷你音箱
2691,雷蛇北海巨妖7.1幻彩版耳机
2692,雷蛇北海巨妖专业版2015白耳机
2693,雷蛇北海巨妖专业版2015绿耳机
2694,雷蛇北海巨妖专业版2015黑耳机
2695,雷蛇北海巨妖标准版2016黑色耳机
2696,雷蛇战神-无线游戏耳机
2697,雷蛇战神竞技守望先锋定制耳机
2698,雷蛇战锤狂鲨专业版V2耳机
2699,雷蛇战锤狂鲨专业版耳机
2700,雷蛇炼狱蝰蛇守望先锋幻彩版鼠标
2701,雷蛇烈焰神虫鼠标垫
2702,雷蛇黄斑胡蜂普通版鼠标垫
2703,雷蛇黑寡妇2016潜行版橙轴键盘
2704,雷蛇黑寡妇竞技LGD定制版白色键盘
2705,雷蛇黑寡妇蜘蛛守望先锋幻彩版键盘
2706,青花瓷办公三件套（U盘4g、钢笔、无线鼠标）
2707,青葱手机增强版/粉色
2708,韩式帆布电脑双肩包浅灰
2709,韩式帆布电脑双肩包藏青
2710,韩式帆布电脑双肩包黑色
2711,顺丰小熊音箱|定制|高25cm*宽17cm|LOGO
2712,飞利浦 老人手机 E131X 白色
2713,飞利浦 老人手机 E132X 金色
2714,高档多功能钢铁侠护甲双肩电脑背包AS-B12
2715,魅族 EP-31原装线控耳机（能良自采）
2716,魅族 EP-51耳机 运动耳机 EP-51 白色
2717,魅族 EP-51耳机 运动耳机 EP-51 红黑色
2718,魅族 EP51 运动蓝牙耳机（能良自采）
2719,魅族 MX4 原装 EP21 耳机（能良自采）
2720,魅族 MX5  4G手机 双卡双待 16G【移动联通双4G】 银黑
2721,魅族 MX5  4G手机 双卡双待 移动联通双4G(16 G ROM) 标准版 灰色
2722,魅族 MX5  4G手机 双卡双待 移动联通双4G(32 G ROM) 标准版 银白色
2723,魅族 MX5 4G手机 双卡双待移动联通双4G(16 G ROM) 标准版 灰色
2724,魅族 MX5 手机 双卡双待
2725,魅族 MX6玫瑰金32G全网通版手机 玫瑰金 32G 全网通版
2726,魅族 PRO 5 手机 32G 公开版
2727,魅族 PRO5  移动联通双4G手机 双卡双待 32G 移动联通双4G 银白
2728,魅族 PRO5  移动联通双4G手机 双卡双待 32G 移动联通双4G 银黑
2729,魅族 PRO5  移动联通双4G手机 双卡双待 64G 移动联通双4G 金色礼盒装
2730,魅族 PRO5  移动联通双4G手机 双卡双待 64G 移动联通双4G 银白
2731,魅族 PRO5 移动联通双4G手机 双卡双待 32G 移动联通双4G 银白
2732,魅族 PRO5 移动联通双4G手机 双卡双待32G  银黑
2733,魅族 Pro6银色32G全网通版手机 银色 32G 全网通 32G 全网通 银色
2734,魅族 mx6 金色 32g 全网通公开版手机 金色 32g 全网通公开版
2735,魅族 mx6手机 银色 32g 全网通公开版手机 银色 32g 全网通公开版
2736,魅族 魅蓝 metal  移动联通4G手机 双卡双待 16G 标准版 白色
2737,魅族 魅蓝 metal 移动联通4G手机 双卡双待16G 标准版 白色
2738,魅族 魅蓝3s 16G灰色全网通版手机 灰色 16G 全网通版
2739,魅族 魅蓝3s 16G金色 全网通版手机 金色 16G 全网通版
2740,魅族 魅蓝3s 32G金色全网通版手机 金色 32G 全网通版
2741,魅族 魅蓝3s灰色32G全网通礼盒版手机 灰色 32G 全网通礼盒版
2742,魅族 魅蓝3s金色16G全网通礼盒版手机 金色 16G 全网通礼盒版
2743,魅族 魅蓝E 32G月光银全网通版手机 月光银 32G 全网通版
2744,魅族 魅蓝E 32G月光银全网通版（电信定制）手机 月光银 32G 全网通版（电信定制）
2745,魅族 魅蓝E 32G香槟金全网通版手机 香槟金 32G 全网通版
2746,魅族 魅蓝E 灰色32G全网通公开版手机 灰色 32G 全网通公开版
2747,魅族 魅蓝E玫瑰金32G全网通版手机 玫瑰金 32G 全网通版
2748,魅族 魅蓝U10银色16G全网通版手机 银色 16G 全网通版
2749,魅族 魅蓝U10银色32G全网通版手机 银色 32G 全网通版
2750,魅族 魅蓝U20 银色 16G全通版手机 银色 16G 全通版
2751,魅族 魅蓝max金色64G全网通版手机 金色 64G 全网通版
2752,魅族 魅蓝max银色64G全网通版手机 银色 64G 全网通版
2753,魅族 魅蓝note3 灰色 16G全网通（礼盒装）手机 灰色 16G 全网通
2754,魅族MX4 原装EP-21HD耳机（能良自采）
2755,魅族头戴式耳机 HD-50耳机 红色 HD-50 红色
2756,魅族头戴式耳机（红色）
2757,魅族手机 魅蓝3s 全网通版16G灰色
2758,魅族手机 魅蓝E 全网通版（电信定制）32G月光银
2759,魅族手机 魅蓝E 全网通版（电信定制）32G香槟金
2760,魅族魅蓝3S  全网通32G版4G手机
2761,魅族魅蓝3S公开全网通16G版4G手机（灰色）
2762,魅族魅蓝3全网通4G手机（白色）16G
2763,魅族魅蓝U10 全网通4G手机 32GB
2764,魅蓝Note保护套+钢化膜+EP21 HD耳机
2765,魔兽手机指环支架懒人支架粘贴式创意手机扣 联盟
2766,魔兽手机指环支架懒人支架粘贴式创意手机扣 部落
2767,魔声 Diamond Tears 钻石眼泪 带咪 头戴式耳机   玫瑰金色
2768,魔声(Monster) ROC Sport C罗定制款 头戴式无线蓝牙运动耳机耳麦 超重低音
2769,魔声耳机
2770,魔声（Monster）24K 头戴包耳DJ耳机 超强低音 线控带麦 玫瑰金色
2771,魔声（Monster）Adidas Performance Response追翼运动耳机 入耳式运动耳机 紫色（128650）
2772,魔鬼猫 线控头戴式耳机（黑色）
2773,魔鬼猫-音魔耳机（头戴式耳机）红色
2774,黄绿色P系列相机包
2775,黑爵键盘手托
2776,黑色中学生书包双肩电脑包AS12M08
2777,黑色真皮高档双肩电脑包AS-B02
2778,黑金刚K70T 茶轴机械键盘
2779,鼠标|双飞燕|OP-520NP|针光PS/2
2780,鼠标|双飞燕|OP-520|USB
2781,鼠标垫 30*70*2mm
